date,level,longitude,latitude,speed,level_process,level_diff_process,state
2022/9/20 10:00,979,113.13673,23.06091,0,979,0,0
2022/9/20 10:01,979,113.13673,23.06091,0,979,0,0
2022/9/20 10:02,979,113.13673,23.06091,0,979,0,0
2022/9/20 10:03,979,113.13673,23.06091,0,979,0,0
2022/9/20 10:04,979,113.13673,23.06091,0,979,0,0
2022/9/20 10:05,979,113.13673,23.06091,0,979,0,0
2022/9/20 10:06,979,113.13673,23.06091,0,979,0,0
2022/9/20 10:07,979,113.13673,23.06091,0.03,979,-1.277777778,0
2022/9/20 10:08,979,113.13673,23.06091,0,977.7222222,-1.277777778,0
2022/9/20 10:09,979,113.13673,23.06091,0,976.4444444,-1.277777778,0
2022/9/20 10:10,979,113.13659,23.06087,1.21,975.1666667,-7.888888889,1
2022/9/20 10:11,958,113.13477,23.06111,11.48,967.2777778,-7.888888889,1
2022/9/20 10:12,956,113.13475,23.06446,22.72,959.3888889,-7.888888889,1
2022/9/20 10:13,955,113.13491,23.0682,25.04,951.5,-20.16666667,2
2022/9/20 10:14,997,113.13653,23.0697,15.34,931.3333333,-20.16666667,2
2022/9/20 10:15,932,113.14078,23.06988,25.9,911.1666667,-20.16666667,2
2022/9/20 10:16,867,113.14518,23.06971,27.19,891,-84,6
2022/9/20 10:17,874,113.14663,23.06966,20.78,807,-176.8888889,6
2022/9/20 10:20,639,113.16202,23.0692,27.6,630.1111111,-8.888888889,1
2022/9/20 10:21,647,113.16415,23.06925,13.65,621.2222222,-8.888888889,1
2022/9/20 10:22,592,113.1648,23.06925,4.06,612.3333333,-20.22222222,2
2022/9/20 10:23,598,113.16532,23.06944,4.28,592.1111111,-20.22222222,2
2022/9/20 10:24,585,113.16501,23.06953,2.29,571.8888889,-20.22222222,2
2022/9/20 10:25,535,113.16273,23.06966,13.81,551.6666667,-28.05555556,3
2022/9/20 10:26,535,113.15832,23.06964,26.29,523.6111111,-28.05555556,3
2022/9/20 10:27,540,113.15681,23.06963,26.43,495.5555556,-99.33333333,6
2022/9/20 10:29,395,113.14486,23.06993,28.18,396.2222222,-71.27777778,6
2022/9/20 10:30,270,113.14041,23.07017,27.98,324.9444444,-71.27777778,6
2022/9/20 10:31,267,113.13654,23.0706,24.15,253.6666667,-18.44444444,2
2022/9/20 10:32,224,113.1382,23.07001,25.99,235.2222222,-18.44444444,2
2022/9/20 10:33,184,113.14268,23.06974,27.31,216.7777778,-18.44444444,2
2022/9/20 10:34,201,113.14649,23.06947,25.04,198.3333333,0.555555556,0
2022/9/20 10:35,210,113.1477,23.06939,6.1,198.8888889,0.555555556,0
2022/9/20 10:36,202,113.1477,23.06939,0.08,199.4444444,0.555555556,0
2022/9/20 10:37,199,113.14774,23.06942,0,200,-0.666666667,0
2022/9/20 10:38,199,113.14774,23.06942,0,199.3333333,-0.666666667,0
2022/9/20 10:39,199,113.14774,23.06942,0,198.6666667,-0.666666667,0
2022/9/20 10:40,199,113.14774,23.06942,0.11,198,19.33333333,-1
2022/9/20 10:41,196,113.14779,23.06945,0.79,217.3333333,19.33333333,-1
2022/9/20 10:42,204,113.14783,23.06942,0,236.6666667,19.33333333,-1
2022/9/20 10:43,227,113.14783,23.06942,0,256,109.2222222,-1
2022/9/20 10:44,337,113.14783,23.06942,0,365.2222222,109.2222222,-1
2022/9/20 10:45,476,113.14783,23.06942,0,474.4444444,109.2222222,-1
2022/9/20 10:46,584,113.14783,23.06942,0,583.6666667,117.2222222,-1
2022/9/20 10:47,691,113.14783,23.06942,0,700.8888889,117.2222222,-1
2022/9/20 10:48,804,113.14783,23.06942,0,818.1111111,117.2222222,-1
2022/9/20 10:49,925,113.14783,23.06942,0,935.3333333,41.88888889,-1
2022/9/20 10:50,1077,113.14788,23.06943,0.07,977.2222222,41.88888889,-1
2022/9/20 10:51,1087,113.14788,23.06943,0,1019.111111,41.88888889,-1
2022/9/20 10:52,1048,113.14924,23.06983,11.07,1061,-10.77777778,1
2022/9/20 10:53,1035,113.14577,23.07014,21.66,1050.222222,-10.77777778,1
2022/9/20 10:54,1027,113.14177,23.07029,25.84,1039.444444,-10.77777778,1
2022/9/20 10:55,1032,113.13794,23.07032,22.37,1028.666667,-19.27777778,2
2022/9/20 10:56,1027,113.13654,23.06985,23.19,1009.388889,-19.27777778,2
2022/9/20 10:57,1049,113.13827,23.07005,10.91,990.1111111,-19.27777778,2
2022/9/20 10:58,947,113.14251,23.06979,26.29,970.8333333,-52.44444444,5
2022/9/20 10:59,934,113.14631,23.06964,25.81,918.3888889,-52.44444444,5
2022/9/20 11:00,871,113.14714,23.06937,37.1,865.9444444,-80.72222222,6
2022/9/20 11:02,756,113.16039,23.06932,27.6,785.2222222,-28.27777778,3
2022/9/20 11:03,747,113.16374,23.06928,21.18,756.9444444,-28.27777778,3
2022/9/20 11:04,728,113.16415,23.06929,2.93,728.6666667,-28,3
2022/9/20 11:05,711,113.16491,23.06919,5.05,700.6666667,-28,3
2022/9/20 11:06,685,113.16432,23.06962,6.92,672.6666667,-28,3
2022/9/20 11:07,630,113.16131,23.06978,19.3,644.6666667,-71.55555556,6
2022/9/20 11:08,619,113.15679,23.06977,27.97,573.1111111,-170.8888889,6
2022/9/20 11:11,430,113.14293,23.07001,28.86,402.2222222,-27.77777778,3
2022/9/20 11:12,391,113.13876,23.07022,26.53,374.4444444,-27.77777778,3
2022/9/20 11:13,337,113.13606,23.06979,25.67,346.6666667,-32.55555556,3
2022/9/20 11:14,312,113.14,23.06986,26.74,314.1111111,-32.55555556,3
2022/9/20 11:15,253,113.14501,23.06952,27.93,281.5555556,-32.55555556,3
2022/9/20 11:16,249,113.14639,23.06667,26.67,249,3.333333333,0
2022/9/20 11:17,271,113.14636,23.06527,9.73,252.3333333,3.333333333,0
2022/9/20 11:18,241,113.14621,23.06073,29.59,255.6666667,3.333333333,0
2022/9/20 11:19,268,113.14641,23.06158,9.94,259,-1,0
2022/9/20 11:20,258,113.14641,23.06158,0.02,258,-1,0
2022/9/20 11:21,256,113.14641,23.06158,0,257,-1,0
2022/9/20 11:22,256,113.14643,23.06173,0.66,256,54.11111111,-1
2022/9/20 11:23,256,113.14643,23.06173,0.02,310.1111111,54.11111111,-1
2022/9/20 11:24,280,113.14643,23.06173,0,364.2222222,54.11111111,-1
2022/9/20 11:25,424,113.14643,23.06173,0,418.3333333,126.2222222,-1
2022/9/20 11:26,551,113.14643,23.06173,0,544.5555556,126.2222222,-1
2022/9/20 11:27,671,113.14643,23.06173,0,670.7777778,126.2222222,-1
2022/9/20 11:28,793,113.14643,23.06173,0,797,80.77777778,-1
2022/9/20 11:29,927,113.14643,23.06173,0,877.7777778,80.77777778,-1
2022/9/20 11:30,1041,113.14643,23.06173,0,958.5555556,80.77777778,-1
2022/9/20 11:31,1024,113.14641,23.06335,10.99,1039.333333,-7.722222222,1
2022/9/20 11:32,1053,113.14646,23.06481,9.14,1031.611111,-7.722222222,1
2022/9/20 11:33,987,113.14656,23.06745,17.95,1023.888889,-7.722222222,1
2022/9/20 11:34,1014,113.14792,23.06947,20.72,1016.166667,-5.388888889,1
2022/9/20 11:35,1001,113.14772,23.06998,17.87,1010.777778,-5.388888889,1
2022/9/20 11:36,1008,113.14464,23.07016,19.29,1005.388889,-5.388888889,1
2022/9/20 11:37,986,113.14072,23.07051,24.23,1000,-2,0
2022/9/20 11:38,992,113.1402,23.07342,22.21,998,-2,0
2022/9/20 11:39,1018,113.13972,23.07282,5.88,996,-2,0
2022/9/20 11:40,992,113.13961,23.07246,2.26,994,-20,0
2022/9/20 12:01,974,113.13958,23.07241,0,974,-1.333333333,0
2022/9/20 12:02,974,113.13954,23.07238,0.57,972.6666667,-1.333333333,0
2022/9/20 12:03,980,113.13964,23.07259,1.32,971.3333333,-1.333333333,0
2022/9/20 12:04,970,113.14033,23.07334,8.06,970,-5,1
2022/9/20 12:05,960,113.14052,23.07067,19.51,965,-5,1
2022/9/20 12:06,993,113.13687,23.07053,23.85,960,-5,1
2022/9/20 12:07,966,113.13759,23.07004,23.47,955,-16.33333333,2
2022/9/20 12:08,989,113.14203,23.06982,27.09,938.6666667,-16.33333333,2
2022/9/20 12:09,906,113.14612,23.06969,27.59,922.3333333,-119.8888889,6
2022/9/20 12:12,793,113.16064,23.06932,28.48,802.4444444,-51.77777778,5
2022/9/20 12:13,731,113.16448,23.0692,23.24,750.6666667,-22.33333333,2
2022/9/20 12:14,728,113.16447,23.06973,9.09,728.3333333,-22.33333333,2
2022/9/20 12:15,714,113.16284,23.06969,10.34,706,-22.33333333,2
2022/9/20 12:16,672,113.1587,23.06968,24.99,683.6666667,-59.72222222,6
2022/9/20 12:17,665,113.15688,23.06969,30.67,623.9444444,-119.4444444,6
2022/9/20 12:19,544,113.14528,23.06984,27.87,504.5,-44.5,4
2022/9/20 12:20,465,113.14038,23.07018,28.81,460,-44.5,4
2022/9/20 12:21,427,113.13644,23.0707,24.3,415.5,-44.5,4
2022/9/20 12:22,373,113.13602,23.0699,10.62,371,-54.33333333,5
2022/9/20 12:23,313,113.13673,23.06988,3.64,316.6666667,-54.33333333,5
2022/9/20 12:24,216,113.13678,23.06988,0.07,262.3333333,-54.33333333,5
2022/9/20 12:25,253,113.13872,23.06997,12.93,208,-16.16666667,2
2022/9/20 12:26,200,113.14309,23.06974,26.79,191.8333333,-16.16666667,2
2022/9/20 12:27,144,113.14651,23.06878,24.84,175.6666667,-16.16666667,2
2022/9/20 12:28,172,113.14637,23.06539,20.67,159.5,3.5,0
2022/9/20 12:29,175,113.14627,23.06536,0.02,163,3.5,0
2022/9/20 12:30,167,113.14616,23.06153,27.82,166.5,3.5,0
2022/9/20 12:31,149,113.1464,23.06168,14.04,170,35.38888889,-1
2022/9/20 12:32,194,113.14644,23.06171,0,205.3888889,35.38888889,-1
2022/9/20 12:33,168,113.14644,23.06171,0,240.7777778,35.38888889,-1
2022/9/20 12:34,233,113.14644,23.06171,0,276.1666667,113.1666667,-1
2022/9/20 12:35,382,113.14644,23.06171,0,389.3333333,113.1666667,-1
2022/9/20 12:36,510,113.14644,23.06171,0,502.5,113.1666667,-1
2022/9/20 12:37,619,113.14644,23.06171,0,615.6666667,93,-1
2022/9/20 12:38,718,113.14643,23.06176,0,708.6666667,93,-1
2022/9/20 12:39,796,113.14643,23.06176,0,801.6666667,93,-1
2022/9/20 12:40,878,113.14643,23.06176,0,894.6666667,43.66666667,-1
2022/9/20 12:41,1010,113.14637,23.06248,5.24,938.3333333,43.66666667,-1
2022/9/20 12:42,999,113.14642,23.06469,14.28,982,43.66666667,-1
2022/9/20 12:43,1050,113.14439,23.06532,15.86,1025.666667,-6.166666667,1
2022/9/20 12:44,1011,113.14393,23.06827,23.89,1019.5,-6.166666667,1
2022/9/20 12:45,1006,113.14636,23.06973,19.34,1013.333333,-6.166666667,1
2022/9/20 12:46,1011,113.14297,23.07022,22.21,1007.166667,0.833333333,0
2022/9/20 12:47,988,113.14074,23.07157,21.69,1008,0.833333333,0
2022/9/20 12:48,998,113.13999,23.07336,16.26,1008.833333,0.833333333,0
2022/9/20 12:49,1008,113.13988,23.07316,1.37,1009.666667,3.777777778,0
2022/9/20 12:50,1023,113.13988,23.07316,0,1013.444444,3.777777778,0
2022/9/20 12:51,1021,113.13988,23.07316,0,1017.222222,3.777777778,0
2022/9/20 12:52,1021,113.13988,23.07316,0.12,1021,-23.16666667,2
2022/9/20 12:59,1007,113.1395,23.07279,4.42,997.8333333,-9.166666667,1
2022/9/20 13:00,989,113.13919,23.07288,3.86,988.6666667,-9.166666667,1
2022/9/20 13:01,967,113.14007,23.0734,8.64,979.5,-3.833333333,0
2022/9/20 13:02,970,113.14067,23.07335,3.26,975.6666667,-3.833333333,0
2022/9/20 13:03,981,113.14062,23.07124,13.7,971.8333333,-3.833333333,0
2022/9/20 13:04,955,113.14001,23.07043,9.68,968,-30.11111111,3
2022/9/20 13:05,968,113.13868,23.07036,5.46,937.8888889,-30.11111111,3
2022/9/20 13:06,893,113.13564,23.07046,19.73,907.7777778,-30.11111111,3
2022/9/20 13:07,909,113.13938,23.07001,26.36,877.6666667,-12.88888889,1
2022/9/20 13:08,831,113.1437,23.06981,27.3,864.7777778,-12.88888889,1
2022/9/20 13:09,839,113.1469,23.06967,27.33,851.8888889,-183.1111111,6
2022/9/20 13:12,582,113.16131,23.0693,27.16,668.7777778,-85.11111111,6
2022/9/20 13:13,578,113.1651,23.06945,23.49,583.6666667,-15.05555556,2
2022/9/20 13:14,591,113.16441,23.06992,7.86,568.6111111,-15.05555556,2
2022/9/20 13:15,533,113.16128,23.06979,20.28,553.5555556,-15.05555556,2
2022/9/20 13:16,544,113.1571,23.06967,25.02,538.5,-191,6
2022/9/20 13:19,363,113.14486,23.06994,26.72,347.5,-36.72222222,4
2022/9/20 13:20,241,113.13982,23.07019,27.6,310.7777778,-36.72222222,4
2022/9/20 13:21,242,113.13562,23.07046,27.09,274.0555556,-36.72222222,4
2022/9/20 13:22,237,113.13959,23.06984,27.77,237.3333333,4.222222222,0
2022/9/20 13:23,233,113.14421,23.06961,28.45,241.5555556,4.222222222,0
2022/9/20 13:24,252,113.14774,23.06939,25.11,245.7777778,4.222222222,0
2022/9/20 13:25,255,113.14774,23.06939,0,250,-2.333333333,0
2022/9/20 13:26,243,113.14774,23.06939,0,247.6666667,-2.333333333,0
2022/9/20 13:27,243,113.14774,23.06939,0,245.3333333,-2.333333333,0
2022/9/20 13:28,243,113.14774,23.06939,0,243,9.777777778,0
2022/9/20 13:29,243,113.14774,23.06939,0,252.7777778,9.777777778,0
2022/9/20 13:30,242,113.14783,23.06944,0.59,262.5555556,9.777777778,0
2022/9/20 13:31,253,113.14788,23.06945,0.02,272.3333333,95.55555556,-1
2022/9/20 13:32,322,113.14788,23.06945,0.05,367.8888889,95.55555556,-1
2022/9/20 13:33,454,113.14788,23.06945,0.07,463.4444444,95.55555556,-1
2022/9/20 13:34,560,113.14788,23.06945,0,559,109.3333333,-1
2022/9/20 13:35,663,113.14787,23.0695,0.15,668.3333333,109.3333333,-1
2022/9/20 13:36,769,113.14787,23.0695,0,777.6666667,109.3333333,-1
2022/9/20 13:37,882,113.14786,23.06945,0.18,887,55.22222222,-1
2022/9/20 13:38,1010,113.14786,23.06945,0,942.2222222,55.22222222,-1
2022/9/20 13:39,1060,113.14786,23.06945,0.04,997.4444444,55.22222222,-1
2022/9/20 13:40,1052,113.14786,23.06945,0,1052.666667,-5.333333333,1
2022/9/20 13:41,1046,113.14786,23.06945,0.03,1047.333333,-5.333333333,1
2022/9/20 13:42,1041,113.14786,23.06945,0.06,1042,-5.333333333,1
2022/9/20 13:43,1038,113.14791,23.06946,0,1036.666667,-4.555555556,1
2022/9/20 13:44,1031,113.14811,23.06947,1.72,1032.111111,-4.555555556,1
2022/9/20 13:45,1023,113.14811,23.06947,0,1027.555556,-4.555555556,1
2022/9/20 13:46,1023,113.14814,23.06943,0,1023,0,0
2022/9/20 13:47,1023,113.14814,23.06943,0,1023,0,0
2022/9/20 13:48,1023,113.14814,23.06943,0,1023,0,0
2022/9/20 13:49,1023,113.14814,23.06943,0,1023,0,0
2022/9/20 13:50,1023,113.14814,23.06943,0,1023,0,0
2022/9/20 13:51,1023,113.14814,23.06943,0,1023,0,0
2022/9/20 13:52,1023,113.14814,23.06943,0,1023,-0.111111111,0
2022/9/20 13:53,1023,113.14814,23.06943,0,1022.888889,-0.111111111,0
2022/9/20 13:54,1023,113.14814,23.06943,0,1022.777778,-0.111111111,0
2022/9/20 13:55,1023,113.14814,23.06943,0,1022.666667,-4.777777778,1
2022/9/20 13:56,1022,113.14814,23.06943,0,1017.888889,-4.777777778,1
2022/9/20 13:57,1022,113.14814,23.06943,0,1013.111111,-4.777777778,1
2022/9/20 13:58,1004,113.14878,23.06996,12.74,1008.333333,-4.944444444,1
2022/9/20 13:59,1033,113.14736,23.07006,9.01,1003.388889,-4.944444444,1
2022/9/20 14:00,994,113.14332,23.07026,24.61,998.4444444,-4.944444444,1
2022/9/20 14:01,1021,113.13933,23.07029,25.21,993.5,-25.94444444,3
2022/9/20 14:02,993,113.13628,23.07068,19.4,967.5555556,-25.94444444,3
2022/9/20 14:03,968,113.13845,23.07008,24.67,941.6111111,-25.94444444,3
2022/9/20 14:04,888,113.14259,23.06987,26.59,915.6666667,-89.22222222,6
2022/9/20 14:05,891,113.14705,23.06977,26.31,826.4444444,-186,6
2022/9/20 14:08,648,113.16064,23.06947,27.86,640.4444444,-7.555555556,1
2022/9/20 14:09,629,113.16431,23.06927,24.39,632.8888889,-7.555555556,1
2022/9/20 14:10,635,113.16492,23.06935,3.85,625.3333333,-35.02777778,4
2022/9/20 14:11,612,113.16424,23.06965,5.97,590.3055556,-35.02777778,4
2022/9/20 14:12,570,113.16023,23.06975,24.71,555.2777778,-35.02777778,4
2022/9/20 14:13,599,113.15626,23.07006,26.55,520.25,-166.75,6
2022/9/20 14:16,371,113.14291,23.07004,27.08,353.5,-24.61111111,2
2022/9/20 14:17,336,113.13846,23.07027,27.26,328.8888889,-24.61111111,2
2022/9/20 14:18,300,113.13638,23.06995,26.33,304.2777778,-24.61111111,2
2022/9/20 14:19,269,113.14052,23.06981,26.69,279.6666667,0.333333333,0
2022/9/20 14:20,270,113.14516,23.06957,27.24,280,0.333333333,0
2022/9/20 14:21,281,113.14759,23.06946,15,280.3333333,0.333333333,0
2022/9/20 14:22,283,113.14759,23.06951,0.1,280.6666667,-1.333333333,0
2022/9/20 14:23,278,113.14759,23.06951,0.08,279.3333333,-1.333333333,0
2022/9/20 14:24,278,113.14762,23.06955,0.18,278,-1.333333333,0
2022/9/20 14:25,278,113.14769,23.06958,0.87,276.6666667,-1.111111111,0
2022/9/20 14:26,274,113.14769,23.06958,0.01,275.5555556,-1.111111111,0
2022/9/20 14:27,272,113.14769,23.06958,0,274.4444444,-1.111111111,0
2022/9/20 14:28,274,113.14769,23.06958,0,273.3333333,0,0
2022/9/20 14:29,274,113.14774,23.06959,0.07,273.3333333,0,0
2022/9/20 14:30,274,113.14774,23.06959,0,273.3333333,0,0
2022/9/20 14:31,273,113.14774,23.06959,0,273.3333333,-0.111111111,0
2022/9/20 14:32,273,113.14774,23.06959,0,273.2222222,-0.111111111,0
2022/9/20 14:33,273,113.14774,23.06959,0.14,273.1111111,-0.111111111,0
2022/9/20 14:34,273,113.14774,23.06959,0.07,273,0.666666667,0
2022/9/20 14:35,273,113.14774,23.06959,0,273.6666667,0.666666667,0
2022/9/20 14:36,273,113.14774,23.06959,0,274.3333333,0.666666667,0
2022/9/20 14:37,273,113.14779,23.06958,0.65,275,63.66666667,-1
2022/9/20 14:38,279,113.14785,23.06957,0.14,338.6666667,63.66666667,-1
2022/9/20 14:39,344,113.14789,23.06954,0.01,402.3333333,63.66666667,-1
2022/9/20 14:40,472,113.14789,23.06954,0.11,466,57,-1
2022/9/20 14:41,582,113.14789,23.06954,0.04,523,57,-1
2022/9/20 14:42,637,113.14789,23.06954,0.03,580,57,-1
2022/9/20 14:43,614,113.14933,23.06975,10.07,637,-3.888888889,0
2022/9/20 14:44,637,113.14631,23.07013,21.69,633.1111111,-3.888888889,0
2022/9/20 14:45,619,113.14192,23.07035,24.8,629.2222222,-3.888888889,0
2022/9/20 14:46,629,113.14078,23.07295,23.99,625.3333333,-3.111111111,0
2022/9/20 14:47,628,113.13957,23.07274,13.34,622.2222222,-3.111111111,0
2022/9/20 14:48,627,113.13978,23.07302,4.07,619.1111111,-3.111111111,0
2022/9/20 14:49,609,113.13978,23.07302,0,616,-1.333333333,0
2022/9/20 14:50,612,113.13978,23.07302,0.13,614.6666667,-1.333333333,0
2022/9/20 14:51,612,113.13978,23.07302,0,613.3333333,-1.333333333,0
2022/9/20 14:52,612,113.13978,23.07302,0,612,0.888888889,0
2022/9/20 14:53,612,113.13978,23.07302,0,612.8888889,0.888888889,0
2022/9/20 14:54,612,113.13978,23.07302,0,613.7777778,0.888888889,0
2022/9/20 14:55,612,113.13978,23.07302,0.38,614.6666667,1.888888889,0
2022/9/20 14:56,590,113.14007,23.07342,3.21,616.5555556,1.888888889,0
2022/9/20 14:57,628,113.14007,23.07342,0.19,618.4444444,1.888888889,0
2022/9/20 14:58,628,113.14007,23.07342,0.08,620.3333333,-4.555555556,1
2022/9/20 14:59,624,113.13987,23.07327,3.35,615.7777778,-4.555555556,1
2022/9/20 15:00,658,113.13981,23.07306,1.35,611.2222222,-4.555555556,1
2022/9/20 15:01,591,113.13973,23.07312,0.85,606.6666667,3.166666667,0
2022/9/20 15:02,589,113.13989,23.07326,2.01,609.8333333,3.166666667,0
2022/9/20 15:03,605,113.14058,23.07099,21.75,613,3.166666667,0
2022/9/20 15:04,639,113.13742,23.07046,25.06,616.1666667,7.722222222,0
2022/9/20 15:05,615,113.13829,23.07005,28.61,623.8888889,7.722222222,0
2022/9/20 15:06,628,113.14058,23.06731,29.77,631.6111111,7.722222222,0
2022/9/20 15:07,636,113.14072,23.06606,15.16,639.3333333,-1.777777778,0
2022/9/20 15:08,654,113.14078,23.06649,2.6,637.5555556,-1.777777778,0
2022/9/20 15:09,634,113.14078,23.06649,0,635.7777778,-1.777777778,0
2022/9/20 15:10,634,113.14078,23.06649,0,634,0,0
2022/9/20 15:11,634,113.14078,23.06649,0,634,0,0
2022/9/20 15:12,634,113.14078,23.06649,0.02,634,0,0
2022/9/20 15:13,634,113.14078,23.06649,0,634,0,0
2022/9/20 15:14,634,113.14078,23.06649,0,634,0,0
2022/9/20 15:15,634,113.14078,23.06649,0,634,0,0
2022/9/20 15:16,634,113.14078,23.06649,0,634,0.333333333,0
2022/9/20 15:17,634,113.14078,23.06649,0,634.3333333,0.333333333,0
2022/9/20 15:18,635,113.14078,23.06649,0,634.6666667,0.333333333,0
2022/9/20 15:19,635,113.14078,23.06649,0,635,0,0
2022/9/20 15:20,635,113.14078,23.06649,0,635,0,0
2022/9/20 15:21,635,113.14078,23.06649,0,635,0,0
2022/9/20 15:22,635,113.14078,23.06649,0,635,0,0
2022/9/20 15:23,635,113.14078,23.06649,0,635,0,0
2022/9/20 15:24,635,113.14083,23.06649,0.13,635,0,0
2022/9/20 15:25,635,113.14083,23.06649,0.02,635,0,0
2022/9/20 15:26,635,113.14083,23.06649,0,635,0,0
2022/9/20 15:27,635,113.14083,23.06649,0.03,635,0,0
2022/9/20 15:28,635,113.14083,23.06649,0,635,0,0
2022/9/20 15:29,635,113.14083,23.06649,0,635,0,0
2022/9/20 15:30,635,113.14083,23.06649,0.01,635,0,0
2022/9/20 15:31,635,113.14083,23.06649,0.03,635,0,0
2022/9/20 15:32,635,113.14083,23.06649,0,635,0,0
2022/9/20 15:33,635,113.14083,23.06649,0.05,635,0,0
2022/9/20 15:34,635,113.14083,23.06649,0,635,0,0
2022/9/20 15:35,635,113.14083,23.06649,0,635,0,0
2022/9/20 15:36,635,113.14083,23.06649,0,635,0,0
2022/9/20 15:37,635,113.14083,23.06649,0,635,-1.555555556,0
2022/9/20 15:38,635,113.14083,23.06649,0,633.4444444,-1.555555556,0
2022/9/20 15:39,635,113.14083,23.06649,0.02,631.8888889,-1.555555556,0
2022/9/20 15:40,628,113.14084,23.06654,0.65,630.3333333,-2.888888889,0
2022/9/20 15:41,628,113.14084,23.06654,0,627.4444444,-2.888888889,0
2022/9/20 15:42,628,113.14084,23.06654,0,624.5555556,-2.888888889,0
2022/9/20 15:43,624,113.14084,23.06654,0,621.6666667,-4.888888889,1
2022/9/20 15:44,613,113.14084,23.06654,0,616.7777778,-4.888888889,1
2022/9/20 15:45,608,113.14084,23.06654,0,611.8888889,-4.888888889,1
2022/9/20 15:46,607,113.14084,23.06654,0,607,-1.444444444,0
2022/9/20 15:47,606,113.14084,23.06654,0,605.5555556,-1.444444444,0
2022/9/20 15:48,604,113.14084,23.06654,0,604.1111111,-1.444444444,0
2022/9/20 15:49,603,113.14084,23.06654,0,602.6666667,-1.222222222,0
2022/9/20 15:50,601,113.14084,23.06654,0,601.4444444,-1.222222222,0
2022/9/20 15:51,600,113.14084,23.06654,0,600.2222222,-1.222222222,0
2022/9/20 15:52,599,113.14084,23.06654,0,599,-0.555555556,0
2022/9/20 15:53,598,113.14084,23.06654,0,598.4444444,-0.555555556,0
2022/9/20 15:54,597,113.14084,23.06654,0,597.8888889,-0.555555556,0
2022/9/20 15:55,598,113.14084,23.06654,0.02,597.3333333,-0.111111111,0
2022/9/20 15:56,597,113.14084,23.06654,0,597.2222222,-0.111111111,0
2022/9/20 15:57,597,113.14084,23.06654,0,597.1111111,-0.111111111,0
2022/9/20 15:58,597,113.14084,23.06654,0,597,0,0
2022/9/20 15:59,597,113.14084,23.06654,0,597,0,0
2022/9/20 16:00,597,113.14084,23.06654,0.02,597,0,0
2022/9/20 16:01,597,113.14084,23.06654,0,597,0,0
2022/9/20 16:02,597,113.14084,23.06654,0,597,0,0
2022/9/20 16:03,597,113.14084,23.06654,0,597,0,0
2022/9/20 16:04,597,113.14084,23.06654,0.02,597,0,0
2022/9/20 16:05,597,113.14084,23.06654,0,597,0,0
2022/9/20 16:06,597,113.14081,23.06658,0,597,0,0
2022/9/20 16:07,597,113.14081,23.06658,0.01,597,-0.333333333,0
2022/9/20 16:08,597,113.14081,23.06658,0.03,596.6666667,-0.333333333,0
2022/9/20 16:09,596,113.14081,23.06658,0,596.3333333,-0.333333333,0
2022/9/20 16:10,596,113.14081,23.06658,0,596,-2.111111111,0
2022/9/20 16:11,596,113.14081,23.06658,0,593.8888889,-2.111111111,0
2022/9/20 16:12,585,113.14077,23.06769,7.95,591.7777778,-2.111111111,0
2022/9/20 16:13,579,113.1424,23.06957,21.2,589.6666667,24.77777778,-1
2022/9/20 16:14,605,113.14597,23.0695,25.61,614.4444444,24.77777778,-1
2022/9/20 16:15,620,113.14776,23.06935,6.64,639.2222222,24.77777778,-1
2022/9/20 16:16,634,113.14776,23.06935,0,664,98.44444444,-1
2022/9/20 16:17,738,113.14781,23.06936,0.2,762.4444444,98.44444444,-1
2022/9/20 16:18,851,113.14782,23.06941,0,860.8888889,98.44444444,-1
2022/9/20 16:19,977,113.14782,23.06941,0,959.3333333,26.77777778,-1
2022/9/20 16:20,1050,113.14785,23.06945,0,986.1111111,26.77777778,-1
2022/9/20 16:21,1044,113.14785,23.06945,0.16,1012.888889,26.77777778,-1
2022/9/20 16:22,1039,113.14785,23.06945,0.28,1039.666667,-2.888888889,0
2022/9/20 16:23,1036,113.14789,23.06948,0.11,1036.777778,-2.888888889,0
2022/9/20 16:24,1033,113.14789,23.06948,0.16,1033.888889,-2.888888889,0
2022/9/20 16:25,1031,113.14789,23.06948,0.1,1031,-1.333333333,0
2022/9/20 16:26,1029,113.14789,23.06948,0,1029.666667,-1.333333333,0
2022/9/20 16:27,1028,113.14789,23.06948,0.19,1028.333333,-1.333333333,0
2022/9/20 16:28,1027,113.14785,23.06945,0.58,1027,-2.555555556,0
2022/9/20 16:29,1026,113.14785,23.06945,0.39,1024.444444,-2.555555556,0
2022/9/20 16:30,1025,113.14785,23.06945,0,1021.888889,-2.555555556,0
2022/9/20 16:31,1025,113.14785,23.06945,0,1019.333333,-2.222222222,0
2022/9/20 16:32,1008,113.149,23.06952,7.12,1017.111111,-2.222222222,0
2022/9/20 16:33,1018,113.14741,23.07007,15.54,1014.888889,-2.222222222,0
2022/9/20 16:34,990,113.1442,23.07026,21.82,1012.666667,-3.722222222,0
2022/9/20 16:35,1025,113.1408,23.0708,19.76,1008.944444,-3.722222222,0
2022/9/20 16:36,1007,113.1408,23.07247,10.98,1005.222222,-3.722222222,0
2022/9/20 16:37,996,113.13981,23.07294,13.04,1001.5,-18.76666667,0
2022/9/20 18:44,983,113.13969,23.07288,0,982.7333333,-10.51111111,0
2022/9/20 18:59,979,113.13989,23.07333,6.47,972.2222222,-6.777777778,1
2022/9/20 19:00,917,113.14061,23.07145,16.26,965.4444444,-6.777777778,1
2022/9/20 19:01,976,113.13915,23.07028,14.82,958.6666667,-18.77777778,2
2022/9/20 19:02,960,113.1379,23.07035,7.6,939.8888889,-18.77777778,2
2022/9/20 19:03,919,113.13645,23.06988,22.46,921.1111111,-18.77777778,2
2022/9/20 19:04,912,113.13963,23.06999,23.48,902.3333333,-21.77777778,2
2022/9/20 19:05,876,113.14424,23.06976,24.91,880.5555556,-21.77777778,2
2022/9/20 19:06,837,113.14652,23.06971,26,858.7777778,-176.8888889,6
2022/9/20 19:09,661,113.16059,23.06944,24.21,681.8888889,-77.55555556,6
2022/9/20 19:10,579,113.16387,23.06927,19.04,604.3333333,-9.444444444,1
2022/9/20 19:11,607,113.16437,23.06913,3.5,594.8888889,-9.444444444,1
2022/9/20 19:12,567,113.16513,23.0692,5.57,585.4444444,-9.444444444,1
2022/9/20 19:13,578,113.16471,23.06962,5.52,576,-10.16666667,1
2022/9/20 19:14,583,113.16245,23.06975,13.29,565.8333333,-10.16666667,1
2022/9/20 19:15,537,113.15854,23.06967,23.78,555.6666667,-10.16666667,1
2022/9/20 19:16,554,113.15683,23.06975,26.78,545.5,-185.25,6
2022/9/20 19:19,372,113.14205,23.07007,26.3,360.25,-35.41666667,4
2022/9/20 19:20,261,113.13729,23.07039,26.36,324.8333333,-35.41666667,4
2022/9/20 19:21,254,113.13716,23.07006,23.78,289.4166667,-35.41666667,4
2022/9/20 19:22,251,113.14104,23.06973,24.28,254,1.444444444,0
2022/9/20 19:23,257,113.14524,23.06955,25.32,255.4444444,1.444444444,0
2022/9/20 19:24,253,113.14772,23.06939,16.5,256.8888889,1.444444444,0
2022/9/20 19:25,267,113.14777,23.06942,0,258.3333333,17.77777778,-1
2022/9/20 19:26,255,113.14779,23.06947,0.09,276.1111111,17.77777778,-1
2022/9/20 19:27,255,113.14791,23.06952,1.01,293.8888889,17.77777778,-1
2022/9/20 19:28,278,113.14789,23.06947,0.41,311.6666667,102,-1
2022/9/20 19:29,402,113.14789,23.06947,0.26,413.6666667,102,-1
2022/9/20 19:30,516,113.14792,23.06951,0.23,515.6666667,102,-1
2022/9/20 19:31,617,113.1479,23.0696,0.27,617.6666667,108.6666667,-1
2022/9/20 19:32,720,113.14793,23.06964,0.11,726.3333333,108.6666667,-1
2022/9/20 19:33,827,113.14793,23.06964,0.35,835,108.6666667,-1
2022/9/20 19:34,943,113.14793,23.06964,0.3,943.6666667,36.16666667,-1
2022/9/20 19:35,1061,113.14918,23.06991,11.55,979.8333333,36.16666667,-1
2022/9/20 19:36,1030,113.14658,23.06998,15.9,1016,36.16666667,-1
2022/9/20 19:37,1058,113.14658,23.06998,0,1052.166667,-10.72222222,1
2022/9/20 19:38,1020,113.14658,23.06998,0,1041.444444,-10.72222222,1
2022/9/20 19:39,1020,113.14658,23.06998,0,1030.722222,-10.72222222,1
2022/9/20 19:40,1020,113.14658,23.06998,0,1020,0,0
2022/9/20 19:41,1020,113.14653,23.06998,0,1020,0,0
2022/9/20 19:42,1020,113.14653,23.06998,0,1020,0,0
2022/9/20 19:43,1020,113.14653,23.06998,0,1020,-0.333333333,0
2022/9/20 19:44,1020,113.14653,23.06998,0,1019.666667,-0.333333333,0
2022/9/20 19:45,1019,113.14653,23.06998,0,1019.333333,-0.333333333,0
2022/9/20 19:46,1019,113.14653,23.06998,0,1019,0,0
2022/9/20 19:47,1019,113.14653,23.06998,0,1019,0,0
2022/9/20 19:48,1019,113.14653,23.06998,0,1019,0,0
2022/9/20 19:49,1019,113.14653,23.06998,0,1019,0,0
2022/9/20 19:50,1019,113.14653,23.06998,0,1019,0,0
2022/9/20 19:51,1019,113.14653,23.06998,0,1019,0,0
2022/9/20 19:52,1019,113.14653,23.06998,0,1019,-0.333333333,0
2022/9/20 19:53,1019,113.14653,23.06998,0,1018.666667,-0.333333333,0
2022/9/20 19:54,1018,113.14653,23.06998,0,1018.333333,-0.333333333,0
2022/9/20 19:55,1018,113.14653,23.06998,0,1018,0,0
2022/9/20 19:56,1018,113.14653,23.06998,0,1018,0,0
2022/9/20 19:57,1018,113.14653,23.06998,0,1018,0,0
2022/9/20 19:58,1018,113.14653,23.06998,0,1018,-2.111111111,0
2022/9/20 19:59,1018,113.14653,23.06998,0,1015.888889,-2.111111111,0
2022/9/20 20:00,1018,113.14593,23.07009,4.71,1013.777778,-2.111111111,0
2022/9/20 20:01,1005,113.14227,23.07024,22.64,1011.666667,-10.88888889,1
2022/9/20 20:02,1012,113.13878,23.0703,21,1000.777778,-10.88888889,1
2022/9/20 20:03,1022,113.13561,23.07027,21.72,989.8888889,-10.88888889,1
2022/9/20 20:04,971,113.13923,23.06999,24.2,979,-29.66666667,3
2022/9/20 20:05,944,113.14363,23.06979,27.11,949.3333333,-29.66666667,3
2022/9/20 20:06,890,113.14673,23.06969,25.35,919.6666667,-184.7777778,6
2022/9/20 20:09,705,113.1606,23.06927,26.59,734.8888889,-77.55555556,6
2022/9/20 20:10,627,113.16451,23.06922,22.11,657.3333333,-13.66666667,1
2022/9/20 20:11,640,113.16433,23.06964,6.86,643.6666667,-13.66666667,1
2022/9/20 20:12,648,113.1635,23.06968,8.17,630,-13.66666667,1
2022/9/20 20:13,598,113.15958,23.06968,24.06,616.3333333,-56.77777778,6
2022/9/20 20:14,603,113.15702,23.06967,25.08,559.5555556,-152,6
2022/9/20 20:17,446,113.14251,23.07005,25.99,407.5555556,-38.44444444,4
2022/9/20 20:18,340,113.13832,23.07028,26.59,369.1111111,-38.44444444,4
2022/9/20 20:19,341,113.13591,23.06976,25.74,330.6666667,-16.22222222,2
2022/9/20 20:20,283,113.14085,23.06974,27.64,314.4444444,-16.22222222,2
2022/9/20 20:21,281,113.14551,23.06961,28.68,298.2222222,-16.22222222,2
2022/9/20 20:22,286,113.14296,23.07026,27.85,282,-2.111111111,0
2022/9/20 20:23,279,113.14077,23.0727,29.18,279.8888889,-2.111111111,0
2022/9/20 20:24,279,113.13956,23.07266,16.91,277.7777778,-2.111111111,0
2022/9/20 20:25,280,113.13982,23.07296,3.45,275.6666667,-7.333333333,1
2022/9/20 20:26,268,113.13982,23.07296,0,268.3333333,-7.333333333,1
2022/9/20 20:27,252,113.13982,23.07296,0,261,-7.333333333,1
2022/9/20 20:28,256,113.13982,23.07296,0,253.6666667,0.222222222,0
2022/9/20 20:29,253,113.13982,23.07296,0,253.8888889,0.222222222,0
2022/9/20 20:30,255,113.13982,23.07296,0,254.1111111,0.222222222,0
2022/9/20 20:31,254,113.13982,23.07296,0,254.3333333,-0.111111111,0
2022/9/20 20:32,254,113.13982,23.07296,0,254.2222222,-0.111111111,0
2022/9/20 20:33,254,113.13983,23.07301,0,254.1111111,-0.111111111,0
2022/9/20 20:34,254,113.13983,23.07301,0,254,0,0
2022/9/20 20:35,254,113.13983,23.07301,0,254,0,0
2022/9/20 20:36,254,113.13983,23.07301,0,254,0,0
2022/9/20 20:37,254,113.13983,23.07301,0,254,0,0
2022/9/20 20:38,254,113.13983,23.07301,0,254,0,0
2022/9/20 20:39,254,113.13983,23.07301,0,254,0,0
2022/9/20 20:40,254,113.13983,23.07301,0,254,0,0
2022/9/20 20:41,254,113.13983,23.07301,0,254,0,0
2022/9/20 20:42,254,113.13983,23.07301,0,254,0,0
2022/9/20 20:43,254,113.13983,23.07301,0,254,0.944444444,0
2022/9/20 20:44,254,113.13983,23.07301,0,254.9444444,0.944444444,0
2022/9/20 20:45,254,113.14069,23.07318,9.22,255.8888889,0.944444444,0
2022/9/20 20:46,251,113.13918,23.07029,27.1,256.8333333,8.166666667,0
2022/9/20 20:47,272,113.13586,23.06975,29.51,265,8.166666667,0
2022/9/20 20:48,280,113.14066,23.06976,28.63,273.1666667,8.166666667,0
2022/9/20 20:49,285,113.14516,23.06958,29.41,281.3333333,32.33333333,-1
2022/9/20 20:50,279,113.14784,23.06939,14.82,313.6666667,32.33333333,-1
2022/9/20 20:51,297,113.14788,23.06942,0.11,346,32.33333333,-1
2022/9/20 20:52,358,113.14788,23.06942,0.1,378.3333333,101.8888889,-1
2022/9/20 20:53,480,113.14789,23.06947,0.16,480.2222222,101.8888889,-1
2022/9/20 20:54,583,113.14789,23.06947,0.08,582.1111111,101.8888889,-1
2022/9/20 20:55,684,113.14789,23.06947,0.07,684,98.55555556,-1
2022/9/20 20:56,785,113.14789,23.06947,0.03,782.5555556,98.55555556,-1
2022/9/20 20:57,893,113.14789,23.06947,0.06,881.1111111,98.55555556,-1
2022/9/20 20:58,1015,113.1485,23.06954,4.32,979.6666667,16.83333333,-1
2022/9/20 20:59,1031,113.14727,23.07005,21.35,996.5,16.83333333,-1
2022/9/20 21:00,1037,113.14583,23.0702,5.57,1013.333333,16.83333333,-1
2022/9/20 21:01,1030,113.1439,23.07024,12.1,1030.166667,-16.66666667,2
2022/9/20 21:02,992,113.13986,23.07039,24.42,1013.5,-16.66666667,2
2022/9/20 21:03,1017,113.13688,23.07056,18.12,996.8333333,-16.66666667,2
2022/9/20 21:04,983,113.13755,23.07012,26.23,980.1666667,-28.05555556,3
2022/9/20 21:05,970,113.14196,23.06988,25.01,952.1111111,-28.05555556,3
2022/9/20 21:06,889,113.14618,23.06973,25.98,924.0555556,-28.05555556,3
2022/9/20 21:07,903,113.14679,23.06973,28,896,-136.4444444,6
2022/9/20 21:09,750,113.15832,23.06947,23.55,759.5555556,-68.22222222,6
2022/9/20 21:10,662,113.16251,23.06922,24.46,691.3333333,-18.55555556,2
2022/9/20 21:11,662,113.16441,23.06919,12.5,672.7777778,-18.55555556,2
2022/9/20 21:12,652,113.16462,23.06938,4.83,654.2222222,-18.55555556,2
2022/9/20 21:13,641,113.16446,23.06976,4.28,635.6666667,-7.888888889,1
2022/9/20 21:14,614,113.16098,23.06976,24.37,627.7777778,-7.888888889,1
2022/9/20 21:15,612,113.15658,23.06982,24.54,619.8888889,-130.3333333,6
2022/9/20 21:18,489,113.1436,23.0701,24.77,489.5555556,-61.22222222,6
2022/9/20 21:19,390,113.14,23.07025,24.56,428.3333333,-34.44444444,3
2022/9/20 21:20,406,113.13771,23.07036,11.61,393.8888889,-34.44444444,3
2022/9/20 21:21,350,113.13659,23.06993,22.39,359.4444444,-34.44444444,3
2022/9/20 21:22,322,113.14045,23.06991,24.06,325,-8.666666667,1
2022/9/20 21:23,303,113.14429,23.06969,23.53,316.3333333,-8.666666667,1
2022/9/20 21:24,298,113.14531,23.07016,22.84,307.6666667,-8.666666667,1
2022/9/20 21:25,309,113.14109,23.07038,23.79,299,-0.5,0
2022/9/20 21:26,290,113.14072,23.07115,6.44,298.5,-0.5,0
2022/9/20 21:27,315,113.14074,23.0712,0,298,-0.5,0
2022/9/20 21:28,299,113.14074,23.0712,0,297.5,0.388888889,0
2022/9/20 21:29,299,113.14074,23.0712,0,297.8888889,0.388888889,0
2022/9/20 21:30,298,113.14074,23.0712,0,298.2777778,0.388888889,0
2022/9/20 21:31,299,113.14074,23.0712,0,298.6666667,-0.222222222,0
2022/9/20 21:32,299,113.14074,23.0712,0,298.4444444,-0.222222222,0
2022/9/20 21:33,298,113.14074,23.0712,0,298.2222222,-0.222222222,0
2022/9/20 21:34,298,113.14074,23.0712,0,298,-1,0
2022/9/20 21:35,298,113.14074,23.0712,0.06,297,-1,0
2022/9/20 21:36,298,113.14074,23.0712,0,296,-1,0
2022/9/20 21:37,298,113.14074,23.07165,3.2,295,-1,0
2022/9/20 21:38,289,113.1403,23.0734,13.13,294,-1,0
2022/9/20 21:39,289,113.13955,23.07272,9.33,293,-1,0
2022/9/20 21:40,295,113.13975,23.07294,11.53,292,-16,0
2022/9/21 5:40,276,113.13978,23.07288,0,276,0,0
2022/9/21 5:41,276,113.13978,23.07288,0,276,0,0
2022/9/21 5:42,276,113.13978,23.07288,0,276,0,0
2022/9/21 5:43,276,113.13978,23.07288,0,276,-2.666666667,0
2022/9/21 5:44,276,113.13978,23.07288,0,273.3333333,-2.666666667,0
2022/9/21 5:45,276,113.14034,23.07328,6.67,270.6666667,-2.666666667,0
2022/9/21 5:46,260,113.1405,23.07045,20.65,268,4,0
2022/9/21 5:47,285,113.13682,23.07049,23.37,272,4,0
2022/9/21 5:48,276,113.13779,23.07002,25.52,276,4,0
2022/9/21 5:49,287,113.14184,23.06965,27.81,280,11.22222222,0
2022/9/21 5:50,277,113.14692,23.06944,28.31,291.2222222,11.22222222,0
2022/9/21 5:51,296,113.14781,23.0693,5.49,302.4444444,11.22222222,0
2022/9/21 5:52,303,113.14786,23.06932,0.05,313.6666667,90.33333333,-1
2022/9/21 5:53,342,113.14786,23.06932,0,404,90.33333333,-1
2022/9/21 5:54,472,113.14786,23.06932,0,494.3333333,90.33333333,-1
2022/9/21 5:55,584,113.14786,23.06932,0,584.6666667,115.2222222,-1
2022/9/21 5:56,698,113.14786,23.06932,0,699.8888889,115.2222222,-1
2022/9/21 5:57,817,113.14786,23.06932,0.04,815.1111111,115.2222222,-1
2022/9/21 5:58,950,113.14786,23.06932,0,930.3333333,27.88888889,-1
2022/9/21 5:59,1024,113.14928,23.06976,11.57,958.2222222,27.88888889,-1
2022/9/21 6:00,1017,113.1457,23.07009,21.68,986.1111111,27.88888889,-1
2022/9/21 6:01,1010,113.14181,23.07028,23.74,1014,-19.33333333,2
2022/9/21 6:02,1015,113.13845,23.07029,20.27,994.6666667,-19.33333333,2
2022/9/21 6:03,1013,113.13682,23.07056,9.66,975.3333333,-19.33333333,2
2022/9/21 6:04,924,113.13668,23.07058,1.14,956,-31.55555556,3
2022/9/21 6:05,931,113.13607,23.07067,4.13,924.4444444,-31.55555556,3
2022/9/21 6:06,901,113.13809,23.07001,20.79,892.8888889,-31.55555556,3
2022/9/21 6:07,869,113.1421,23.06984,24.55,861.3333333,-37.27777778,4
2022/9/21 6:08,814,113.14609,23.06969,24.46,824.0555556,-37.27777778,4
2022/9/21 6:09,822,113.14647,23.06966,23.4,786.7777778,-90.22222222,6
2022/9/21 6:11,677,113.15862,23.06929,22.68,696.5555556,-52.94444444,5
2022/9/21 6:12,594,113.1626,23.06917,24.81,643.6111111,-52.94444444,5
2022/9/21 6:13,598,113.16422,23.06919,9.68,590.6666667,-16.88888889,2
2022/9/21 6:14,580,113.16464,23.06914,3.35,573.7777778,-16.88888889,2
2022/9/21 6:15,545,113.16509,23.06923,5.82,556.8888889,-16.88888889,2
2022/9/21 6:16,565,113.1646,23.0695,3.82,540,-15.66666667,2
2022/9/21 6:17,510,113.16215,23.06972,14.97,524.3333333,-15.66666667,2
2022/9/21 6:18,485,113.15864,23.06963,21.42,508.6666667,-15.66666667,2
2022/9/21 6:19,501,113.15716,23.0697,23.93,493,-238,6
2022/9/21 6:22,301,113.14184,23.07004,25.36,255,-12.66666667,1
2022/9/21 6:23,209,113.13824,23.07027,22.35,242.3333333,-12.66666667,1
2022/9/21 6:24,219,113.13563,23.07006,20,229.6666667,-12.66666667,1
2022/9/21 6:25,211,113.13944,23.06992,22.94,217,1.666666667,0
2022/9/21 6:26,221,113.14366,23.06972,25.91,218.6666667,1.666666667,0
2022/9/21 6:27,222,113.14721,23.06937,26.15,220.3333333,-8,1
2022/9/21 6:30,208,113.16136,23.06922,26.05,212.3333333,-4.833333333,1
2022/9/21 6:31,202,113.16495,23.06929,22.08,207.5,4.055555556,0
2022/9/21 6:32,230,113.1644,23.0695,5.03,211.5555556,4.055555556,0
2022/9/21 6:33,223,113.16262,23.06966,10.22,215.6111111,4.055555556,0
2022/9/21 6:34,224,113.16259,23.06975,0,219.6666667,-2.555555556,0
2022/9/21 6:35,212,113.16259,23.06975,0,217.1111111,-2.555555556,0
2022/9/21 6:36,212,113.16259,23.06975,0,214.5555556,-2.555555556,0
2022/9/21 6:37,212,113.16259,23.06975,0,212,-1.5,0
2022/9/21 6:38,212,113.16259,23.06975,0,210.5,-1.5,0
2022/9/21 6:39,212,113.16223,23.06979,3.09,209,-1.5,0
2022/9/21 6:40,201,113.15821,23.06969,22.08,207.5,3.083333333,0
2022/9/21 6:41,240,113.15658,23.06977,27.27,210.5833333,6.166666667,0
2022/9/21 6:43,218,113.14466,23.06996,27.07,216.75,-1.694444444,0
2022/9/21 6:44,187,113.14057,23.07016,27.74,215.0555556,-1.694444444,0
2022/9/21 6:45,222,113.13639,23.07061,23.09,213.3611111,-1.694444444,0
2022/9/21 6:46,217,113.13825,23.06996,24.02,211.6666667,1.777777778,0
2022/9/21 6:47,216,113.14057,23.06802,24.62,213.4444444,1.777777778,0
2022/9/21 6:48,209,113.14048,23.0651,19.66,215.2222222,1.777777778,0
2022/9/21 6:49,221,113.14024,23.06116,27.42,217,2.555555556,0
2022/9/21 6:50,221,113.13773,23.06084,16.59,219.5555556,2.555555556,0
2022/9/21 6:51,223,113.13689,23.06087,4.92,222.1111111,2.555555556,0
2022/9/21 6:52,223,113.13685,23.06084,0,224.6666667,1.111111111,0
2022/9/21 6:53,228,113.13685,23.06084,0.03,225.7777778,1.111111111,0
2022/9/21 6:54,228,113.13685,23.06084,0,226.8888889,1.111111111,0
2022/9/21 6:55,228,113.13684,23.06079,0,228,0,0
2022/9/21 6:56,228,113.13684,23.06079,0,228,0,0
2022/9/21 6:57,228,113.13684,23.06079,0.03,228,0,0
2022/9/21 6:58,228,113.13684,23.06079,0,228,0,0
2022/9/21 6:59,228,113.13684,23.06079,0,228,0,0
2022/9/21 7:00,228,113.13684,23.06079,0.12,228,0,0
2022/9/21 7:01,228,113.13684,23.06079,0,228,0,0
2022/9/21 7:02,228,113.13684,23.06079,0,228,0,0
2022/9/21 7:03,228,113.13684,23.06079,0,228,0,0
2022/9/21 7:04,228,113.13684,23.06079,0,228,-1.555555556,0
2022/9/21 7:05,228,113.13681,23.06075,0,226.4444444,-1.555555556,0
2022/9/21 7:06,227,113.13681,23.06075,0,224.8888889,-1.555555556,0
2022/9/21 7:07,227,113.13519,23.06084,10.01,223.3333333,-3.777777778,0
2022/9/21 7:08,216,113.13678,23.06067,13.95,219.5555556,-3.777777778,0
2022/9/21 7:09,216,113.13692,23.06068,0.55,215.7777778,-3.777777778,0
2022/9/21 7:10,215,113.13886,23.06064,13.64,212,2.222222222,0
2022/9/21 7:11,205,113.14004,23.06058,7,214.2222222,2.222222222,0
2022/9/21 7:12,222,113.14159,23.06056,9.75,216.4444444,2.222222222,0
2022/9/21 7:13,192,113.14308,23.06049,9.06,218.6666667,0.666666667,0
2022/9/21 7:14,235,113.14556,23.06041,15.71,219.3333333,0.666666667,0
2022/9/21 7:15,219,113.14645,23.06158,10.15,220,0.666666667,0
2022/9/21 7:16,224,113.14643,23.06163,0.07,220.6666667,49,-1
2022/9/21 7:17,219,113.14641,23.06168,0,269.6666667,49,-1
2022/9/21 7:18,240,113.14641,23.06168,0,318.6666667,49,-1
2022/9/21 7:19,365,113.14641,23.06168,0,367.6666667,119.6666667,-1
2022/9/21 7:20,498,113.14641,23.06168,0,487.3333333,119.6666667,-1
2022/9/21 7:21,611,113.14641,23.06173,0,607,119.6666667,-1
2022/9/21 7:22,725,113.14641,23.06173,0,726.6666667,95.33333333,-1
2022/9/21 7:23,844,113.14641,23.06173,0,822,95.33333333,-1
2022/9/21 7:24,977,113.14641,23.06173,0,917.3333333,95.33333333,-1
2022/9/21 7:25,1031,113.14641,23.06173,0,1012.666667,4.888888889,0
2022/9/21 7:26,1030,113.14641,23.06173,0,1017.555556,4.888888889,0
2022/9/21 7:27,1028,113.14641,23.06173,0,1022.444444,4.888888889,0
2022/9/21 7:28,1027,113.14641,23.06173,0,1027.333333,-4.833333333,1
2022/9/21 7:29,1027,113.14642,23.06179,0.54,1022.5,-4.833333333,1
2022/9/21 7:30,1003,113.14652,23.0645,16.89,1017.666667,-4.833333333,1
2022/9/21 7:31,1004,113.14901,23.06495,17.15,1012.833333,-0.944444444,0
2022/9/21 7:32,1019,113.14918,23.065,0.61,1011.888889,-0.944444444,0
2022/9/21 7:33,1000,113.15132,23.065,13.61,1010.944444,-0.944444444,0
2022/9/21 7:34,1009,113.15351,23.06505,14.26,1010,-0.888888889,0
2022/9/21 7:35,1021,113.15408,23.06512,3.2,1009.111111,-0.888888889,0
2022/9/21 7:36,987,113.15672,23.0653,16.27,1008.222222,-0.888888889,0
2022/9/21 7:37,1005,113.15759,23.0667,14.92,1007.333333,-6.111111111,1
2022/9/21 7:38,1004,113.15752,23.067,1.39,1001.222222,-6.111111111,1
2022/9/21 7:39,989,113.15752,23.067,0,995.1111111,-6.111111111,1
2022/9/21 7:40,989,113.15752,23.067,0,989,0,0
2022/9/21 7:41,989,113.15751,23.06705,0,989,0,0
2022/9/21 7:42,989,113.15751,23.06705,0,989,0,0
2022/9/21 7:43,989,113.15751,23.06705,0,989,-0.222222222,0
2022/9/21 7:44,989,113.15751,23.06705,0.04,988.7777778,-0.222222222,0
2022/9/21 7:45,989,113.15751,23.06705,0,988.5555556,-0.222222222,0
2022/9/21 7:46,988,113.15751,23.06705,0,988.3333333,-0.111111111,0
2022/9/21 7:47,988,113.15751,23.06705,0,988.2222222,-0.111111111,0
2022/9/21 7:48,988,113.15751,23.06705,0.08,988.1111111,-0.111111111,0
2022/9/21 7:49,988,113.15751,23.06705,0.11,988,0,0
2022/9/21 7:50,988,113.15751,23.06705,0.03,988,0,0
2022/9/21 7:51,988,113.15751,23.06705,0,988,0,0
2022/9/21 7:52,988,113.15751,23.06705,0.07,988,0,0
2022/9/21 7:53,988,113.15751,23.06705,0,988,0,0
2022/9/21 7:54,988,113.15751,23.06705,0.12,988,0,0
2022/9/21 7:55,988,113.15751,23.06705,0,988,-0.333333333,0
2022/9/21 7:56,988,113.15751,23.06705,0,987.6666667,-0.333333333,0
2022/9/21 7:57,987,113.15751,23.06705,0,987.3333333,-0.333333333,0
2022/9/21 7:58,987,113.15751,23.06705,0.07,987,0,0
2022/9/21 7:59,987,113.15751,23.06705,0,987,0,0
2022/9/21 8:00,987,113.15751,23.06705,0,987,0,0
2022/9/21 8:01,987,113.15751,23.06705,0,987,0,0
2022/9/21 8:02,987,113.15751,23.06705,0,987,0,0
2022/9/21 8:03,987,113.15751,23.06705,0.06,987,0,0
2022/9/21 8:04,987,113.15751,23.06705,0,987,0,0
2022/9/21 8:05,987,113.15751,23.06705,0,987,0,0
2022/9/21 8:06,987,113.15751,23.06705,0,987,0,0
2022/9/21 8:07,987,113.15751,23.06705,0,987,0,0
2022/9/21 8:08,987,113.15752,23.0671,0,987,0,0
2022/9/21 8:09,987,113.15752,23.0671,0,987,0,0
2022/9/21 8:10,987,113.15752,23.0671,0.06,987,-0.222222222,0
2022/9/21 8:11,987,113.15752,23.0671,0.05,986.7777778,-0.222222222,0
2022/9/21 8:12,987,113.15752,23.0671,0,986.5555556,-0.222222222,0
2022/9/21 8:13,986,113.15752,23.0671,0,986.3333333,-0.111111111,0
2022/9/21 8:14,986,113.15752,23.0671,0,986.2222222,-0.111111111,0
2022/9/21 8:15,986,113.15752,23.0671,0,986.1111111,-0.111111111,0
2022/9/21 8:16,986,113.15752,23.0671,0,986,0,0
2022/9/21 8:17,986,113.15752,23.0671,0.04,986,0,0
2022/9/21 8:18,986,113.15752,23.0671,0,986,0,0
2022/9/21 8:19,986,113.15752,23.0671,0.07,986,0,0
2022/9/21 8:20,986,113.15749,23.06706,0,986,0,0
2022/9/21 8:21,986,113.15749,23.06706,0.01,986,0,0
2022/9/21 8:22,986,113.15749,23.06706,0,986,-0.333333333,0
2022/9/21 8:23,986,113.15749,23.06706,0,985.6666667,-0.333333333,0
2022/9/21 8:24,985,113.15749,23.06706,0,985.3333333,-0.333333333,0
2022/9/21 8:25,985,113.15749,23.06706,0,985,0,0
2022/9/21 8:26,985,113.15749,23.06706,0,985,0,0
2022/9/21 8:27,985,113.15749,23.06706,0,985,0,0
2022/9/21 8:28,985,113.15749,23.06706,0,985,0,0
2022/9/21 8:29,985,113.15749,23.06706,0,985,0,0
2022/9/21 8:30,985,113.15749,23.06706,0,985,0,0
2022/9/21 8:31,985,113.15749,23.06706,0,985,0,0
2022/9/21 8:32,985,113.15749,23.06706,0,985,0,0
2022/9/21 8:33,985,113.15749,23.06706,0,985,0,0
2022/9/21 8:34,985,113.15749,23.06706,0,985,-0.222222222,0
2022/9/21 8:35,985,113.15749,23.06706,0,984.7777778,-0.222222222,0
2022/9/21 8:36,985,113.15749,23.06706,0,984.5555556,-0.222222222,0
2022/9/21 8:37,984,113.15749,23.06706,0,984.3333333,-0.111111111,0
2022/9/21 8:38,984,113.15749,23.06706,0,984.2222222,-0.111111111,0
2022/9/21 8:39,984,113.15749,23.06706,0,984.1111111,-0.111111111,0
2022/9/21 8:40,984,113.15749,23.06706,0,984,0,0
2022/9/21 8:41,984,113.15749,23.06706,0,984,0,0
2022/9/21 8:42,984,113.15749,23.06706,0,984,0,0
2022/9/21 8:43,984,113.15749,23.06706,0.02,984,0,0
2022/9/21 8:44,984,113.15749,23.06706,0,984,0,0
2022/9/21 8:45,984,113.15749,23.06706,0,984,0,0
2022/9/21 8:46,984,113.15749,23.06706,0,984,0,0
2022/9/21 8:47,984,113.15749,23.06706,0,984,0,0
2022/9/21 8:48,984,113.15749,23.06706,0,984,0,0
2022/9/21 8:49,984,113.15749,23.06706,0,984,-0.333333333,0
2022/9/21 8:50,984,113.15749,23.06706,0,983.6666667,-0.333333333,0
2022/9/21 8:51,983,113.15749,23.06706,0,983.3333333,-0.333333333,0
2022/9/21 8:52,983,113.15749,23.06706,0,983,0,0
2022/9/21 8:53,983,113.15749,23.06706,0,983,0,0
2022/9/21 8:54,983,113.15749,23.06706,0,983,0,0
2022/9/21 8:55,983,113.15749,23.06706,0,983,0,0
2022/9/21 8:56,983,113.15749,23.06706,0,983,0,0
2022/9/21 8:57,983,113.15749,23.06706,0,983,0,0
2022/9/21 8:58,983,113.15749,23.06706,0,983,0,0
2022/9/21 8:59,983,113.15749,23.06706,0,983,0,0
2022/9/21 9:00,983,113.15749,23.06706,0,983,0,0
2022/9/21 9:01,983,113.15749,23.06706,0,983,-5.055555556,1
2022/9/21 9:02,983,113.15749,23.06706,0,977.9444444,-5.055555556,1
2022/9/21 9:03,982,113.15749,23.06706,0.01,972.8888889,-5.055555556,1
2022/9/21 9:04,964,113.15749,23.06916,15.59,967.8333333,-12.27777778,1
2022/9/21 9:05,997,113.1605,23.06921,17.5,955.5555556,-12.27777778,1
2022/9/21 9:06,951,113.16399,23.06921,20.56,943.2777778,-12.27777778,1
2022/9/21 9:07,937,113.16461,23.06912,3.64,931,-24.22222222,2
2022/9/21 9:08,889,113.16455,23.06921,2.02,906.7777778,-24.22222222,2
2022/9/21 9:09,881,113.16455,23.06916,0.75,882.5555556,-24.22222222,2
2022/9/21 9:10,883,113.16436,23.06949,4.94,858.3333333,-33.77777778,3
2022/9/21 9:11,811,113.16201,23.06972,14.39,824.5555556,-33.77777778,3
2022/9/21 9:12,765,113.15921,23.06966,16.75,790.7777778,-33.77777778,3
2022/9/21 9:13,749,113.15662,23.06973,21.07,757,-232.5,6
2022/9/21 9:16,545,113.14214,23.07003,27.49,524.5,-36.38888889,4
2022/9/21 9:17,504,113.13821,23.07027,24.22,488.1111111,-36.38888889,4
2022/9/21 9:18,463,113.13573,23.06988,20.35,451.7222222,-36.38888889,4
2022/9/21 9:19,416,113.13948,23.06996,23.13,415.3333333,-33.11111111,3
2022/9/21 9:20,367,113.1435,23.06978,24.78,382.2222222,-33.11111111,3
2022/9/21 9:21,316,113.14673,23.06975,22.61,349.1111111,-140.8888889,6
2022/9/21 9:24,198,113.16021,23.06941,25.83,208.2222222,-53.88888889,5
2022/9/21 9:25,128,113.16324,23.0693,15.82,154.3333333,-18.27777778,2
2022/9/21 9:26,137,113.16274,23.06941,3.47,136.0555556,-18.27777778,2
2022/9/21 9:27,92,113.15942,23.06971,20.79,117.7777778,-18.27777778,2
2022/9/21 9:28,126,113.157,23.06968,25.05,99.5,12.33333333,0
2022/9/21 9:30,122,113.14541,23.06989,27.57,111.8333333,6.166666667,0
2022/9/21 9:31,101,113.14069,23.07011,29.85,118,1.666666667,0
2022/9/21 9:32,114,113.13621,23.07065,28.35,119.6666667,1.666666667,0
2022/9/21 9:33,124,113.13909,23.06996,29.58,121.3333333,1.666666667,0
2022/9/21 9:34,121,113.14336,23.06972,29.23,123,0.444444444,0
2022/9/21 9:35,124,113.14722,23.06939,20.46,123.4444444,0.444444444,0
2022/9/21 9:36,132,113.14728,23.0694,0.39,123.8888889,0.444444444,0
2022/9/21 9:37,121,113.14728,23.0694,0,124.3333333,-1.222222222,0
2022/9/21 9:38,120,113.14733,23.06942,0,123.1111111,-1.222222222,0
2022/9/21 9:39,121,113.14733,23.06942,0.05,121.8888889,-1.222222222,0
2022/9/21 9:40,121,113.14733,23.06942,0,120.6666667,-0.111111111,0
2022/9/21 9:41,120,113.14739,23.06943,0.45,120.5555556,-0.111111111,0
2022/9/21 9:42,118,113.14772,23.06936,1.96,120.4444444,-0.111111111,0
2022/9/21 9:43,122,113.14772,23.06936,0,120.3333333,0.111111111,0
2022/9/21 9:44,121,113.14772,23.06936,0,120.4444444,0.111111111,0
2022/9/21 9:45,121,113.14772,23.06936,0,120.5555556,0.111111111,0
2022/9/21 9:46,120,113.14772,23.06936,0,120.6666667,-0.222222222,0
2022/9/21 9:47,121,113.14772,23.06936,0,120.4444444,-0.222222222,0
2022/9/21 9:48,120,113.14772,23.06936,0.15,120.2222222,-0.222222222,0
2022/9/21 9:49,120,113.1478,23.06936,0.57,120,896,0
2022/9/21 11:55,1020,113.14566,23.07016,0.01,1016,-3.222222222,0
2022/9/21 11:56,1012,113.14323,23.07023,15.2,1012.777778,-3.222222222,0
2022/9/21 11:57,989,113.13965,23.07031,22.02,1009.555556,-3.222222222,0
2022/9/21 11:58,1016,113.13588,23.07067,23.1,1006.333333,-16.77777778,2
2022/9/21 11:59,1007,113.1375,23.07007,18.43,989.5555556,-16.77777778,2
2022/9/21 12:00,1015,113.14063,23.06994,21.11,972.7777778,-16.77777778,2
2022/9/21 12:01,922,113.14483,23.06978,25.43,956,-71.83333333,6
2022/9/21 12:02,931,113.14706,23.06961,27.76,884.1666667,-143.6666667,6
2022/9/21 12:04,763,113.15814,23.06944,26.7,740.5,-28.61111111,3
2022/9/21 12:05,677,113.16199,23.06921,22.56,711.8888889,-28.61111111,3
2022/9/21 12:06,669,113.16434,23.06923,13.53,683.2777778,-28.61111111,3
2022/9/21 12:07,652,113.1645,23.0692,1.19,654.6666667,-12.33333333,1
2022/9/21 12:08,643,113.16472,23.06951,5.56,642.3333333,-12.33333333,1
2022/9/21 12:09,637,113.1643,23.06962,3.69,630,-12.33333333,1
2022/9/21 12:10,602,113.16026,23.06974,23.11,617.6666667,-33.22222222,3
2022/9/21 12:11,614,113.15626,23.06969,24.29,584.4444444,-33.22222222,3
2022/9/21 12:12,593,113.15474,23.06922,41.1,551.2222222,-94.33333333,6
2022/9/21 12:14,443,113.14275,23.07004,28.29,456.8888889,-61.11111111,6
2022/9/21 12:15,368,113.13791,23.07032,28.26,395.7777778,-61.11111111,6
2022/9/21 12:16,333,113.13566,23.07004,17.41,334.6666667,-49.88888889,5
2022/9/21 12:17,303,113.13672,23.06987,6.69,284.7777778,-49.88888889,5
2022/9/21 12:18,199,113.13677,23.06988,0,234.8888889,-49.88888889,5
2022/9/21 12:19,228,113.13898,23.06986,13.52,185,-1.277777778,0
2022/9/21 12:20,171,113.14052,23.06724,25.16,183.7222222,-1.277777778,0
2022/9/21 12:21,174,113.1405,23.06577,9.58,182.4444444,-1.277777778,0
2022/9/21 12:22,188,113.14371,23.06524,22.95,181.1666667,1.611111111,0
2022/9/21 12:23,166,113.14619,23.06359,23.87,182.7777778,1.611111111,0
2022/9/21 12:24,175,113.14627,23.06078,23.39,184.3888889,1.611111111,0
2022/9/21 12:25,198,113.14638,23.06171,3.48,186,66.77777778,-1
2022/9/21 12:26,185,113.14638,23.06171,0,252.7777778,66.77777778,-1
2022/9/21 12:27,240,113.14638,23.06171,0,319.5555556,66.77777778,-1
2022/9/21 12:28,395,113.14638,23.06171,0,386.3333333,113.1111111,-1
2022/9/21 12:29,524,113.14638,23.06171,0,499.4444444,113.1111111,-1
2022/9/21 12:30,619,113.14638,23.06171,0,612.5555556,113.1111111,-1
2022/9/21 12:31,715,113.14638,23.06171,0,725.6666667,98.22222222,-1
2022/9/21 12:32,843,113.14638,23.06171,0,823.8888889,98.22222222,-1
2022/9/21 12:33,988,113.14638,23.06171,0,922.1111111,98.22222222,-1
2022/9/21 12:34,1039,113.14635,23.06284,6.82,1020.333333,-0.944444444,0
2022/9/21 12:35,1012,113.14641,23.0649,11.75,1019.388889,-0.944444444,0
2022/9/21 12:36,1029,113.14641,23.0649,0,1018.444444,-0.944444444,0
2022/9/21 12:37,995,113.14381,23.06562,18.81,1017.5,-3.388888889,0
2022/9/21 12:38,1006,113.14417,23.06956,26.54,1014.111111,-3.388888889,0
2022/9/21 12:39,1012,113.14583,23.07005,20.47,1010.722222,-3.388888889,0
2022/9/21 12:40,997,113.1411,23.07037,26.59,1007.333333,-0.444444444,0
2022/9/21 12:41,1013,113.14079,23.07318,20.4,1006.888889,-0.444444444,0
2022/9/21 12:42,996,113.13969,23.07284,9.69,1006.444444,-0.444444444,0
2022/9/21 12:43,1016,113.13965,23.07264,0.94,1006,-41,4
2022/9/21 12:49,963,113.14032,23.07332,4.87,965,3.611111111,0
2022/9/21 12:50,948,113.14061,23.07188,9.99,968.6111111,3.611111111,0
2022/9/21 12:51,1003,113.14069,23.07192,0,972.2222222,3.611111111,0
2022/9/21 12:52,976,113.14074,23.07191,0.2,975.8333333,0.055555556,0
2022/9/21 12:53,976,113.14074,23.07191,0,975.8888889,0.055555556,0
2022/9/21 12:54,976,113.14074,23.07191,0,975.9444444,0.055555556,0
2022/9/21 12:55,976,113.14071,23.07187,0,976,0,0
2022/9/21 12:56,976,113.14071,23.07187,0.03,976,0,0
2022/9/21 12:57,976,113.14071,23.07187,0,976,0,0
2022/9/21 12:58,976,113.14071,23.07187,0,976,-0.333333333,0
2022/9/21 12:59,976,113.14071,23.07187,0,975.6666667,-0.333333333,0
2022/9/21 13:00,975,113.14066,23.07185,0,975.3333333,-0.333333333,0
2022/9/21 13:01,975,113.14066,23.07185,0,975,-15.66666667,2
2022/9/21 13:02,975,113.14034,23.07041,11.1,959.3333333,-15.66666667,2
2022/9/21 13:03,954,113.13869,23.07033,10.07,943.6666667,-15.66666667,2
2022/9/21 13:04,978,113.13639,23.07063,15.92,928,-22.83333333,2
2022/9/21 13:05,902,113.13859,23.07004,25.11,905.1666667,-22.83333333,2
2022/9/21 13:06,896,113.14299,23.06985,27.03,882.3333333,-22.83333333,2
2022/9/21 13:07,823,113.14687,23.06959,26.12,859.5,-234,6
2022/9/21 13:10,669,113.16043,23.06948,27.31,625.5,-16.16666667,2
2022/9/21 13:11,582,113.16419,23.06931,23.04,609.3333333,-16.16666667,2
2022/9/21 13:12,599,113.16464,23.06931,4.8,593.1666667,-16.16666667,2
2022/9/21 13:13,560,113.16484,23.06955,3.61,577,-17.72222222,2
2022/9/21 13:14,572,113.16452,23.06978,4.49,559.2777778,-17.72222222,2
2022/9/21 13:15,569,113.16172,23.06976,17.62,541.5555556,-17.72222222,2
2022/9/21 13:16,531,113.15761,23.06973,24.97,523.8333333,-51.27777778,5
2022/9/21 13:17,552,113.15676,23.06972,30.07,472.5555556,-102.5555556,6
2022/9/21 13:19,412,113.14507,23.06994,27.93,370,-44.55555556,4
2022/9/21 13:20,328,113.14034,23.07016,28.29,325.4444444,-44.55555556,4
2022/9/21 13:21,246,113.13594,23.07074,27.35,280.8888889,-44.55555556,4
2022/9/21 13:22,228,113.139,23.06993,26.62,236.3333333,1,0
2022/9/21 13:23,235,113.14359,23.06962,28.29,237.3333333,1,0
2022/9/21 13:24,233,113.14769,23.06943,27.48,238.3333333,1,0
2022/9/21 13:25,249,113.14782,23.06942,0.55,239.3333333,59.88888889,-1
2022/9/21 13:26,236,113.14782,23.06942,0,299.2222222,59.88888889,-1
2022/9/21 13:27,296,113.14782,23.06942,0,359.1111111,59.88888889,-1
2022/9/21 13:28,428,113.14782,23.06942,0,419,106.1111111,-1
2022/9/21 13:29,533,113.14782,23.06942,0,525.1111111,106.1111111,-1
2022/9/21 13:30,634,113.14782,23.06942,0,631.2222222,106.1111111,-1
2022/9/21 13:31,736,113.14782,23.06942,0,737.3333333,91.05555556,-1
2022/9/21 13:32,842,113.14782,23.06942,0,828.3888889,91.05555556,-1
2022/9/21 13:33,960,113.1479,23.06942,0.7,919.4444444,91.05555556,-1
2022/9/21 13:34,1042,113.1481,23.0694,1.08,1010.5,2.166666667,0
2022/9/21 13:35,1016,113.1481,23.0694,0,1012.666667,2.166666667,0
2022/9/21 13:36,1017,113.1481,23.0694,0,1014.833333,2.166666667,0
2022/9/21 13:37,1017,113.1481,23.0694,0,1017,0,0
2022/9/21 13:38,1017,113.1481,23.0694,0,1017,0,0
2022/9/21 13:39,1017,113.1481,23.0694,0,1017,0,0
2022/9/21 13:40,1017,113.1481,23.0694,0,1017,-0.222222222,0
2022/9/21 13:41,1017,113.1481,23.0694,0,1016.777778,-0.222222222,0
2022/9/21 13:42,1017,113.1481,23.0694,0,1016.555556,-0.222222222,0
2022/9/21 13:43,1016,113.1481,23.0694,0,1016.333333,-0.111111111,0
2022/9/21 13:44,1016,113.1481,23.0694,0.03,1016.222222,-0.111111111,0
2022/9/21 13:45,1016,113.1481,23.0694,0,1016.111111,-0.111111111,0
2022/9/21 13:46,1016,113.1481,23.0694,0.05,1016,0,0
2022/9/21 13:47,1016,113.1481,23.0694,0,1016,0,0
2022/9/21 13:48,1016,113.1481,23.0694,0,1016,0,0
2022/9/21 13:49,1016,113.1481,23.0694,0,1016,-0.111111111,0
2022/9/21 13:50,1016,113.1481,23.0694,0,1015.888889,-0.111111111,0
2022/9/21 13:51,1016,113.14815,23.06941,0,1015.777778,-0.111111111,0
2022/9/21 13:52,1016,113.14815,23.06941,0.03,1015.666667,-1.444444444,0
2022/9/21 13:53,1015,113.14815,23.06941,0,1014.222222,-1.444444444,0
2022/9/21 13:54,1015,113.14815,23.06941,0,1012.777778,-1.444444444,0
2022/9/21 13:55,1015,113.14907,23.06996,10.83,1011.333333,-5.333333333,1
2022/9/21 13:56,1004,113.14546,23.07015,22.36,1006,-5.333333333,1
2022/9/21 13:57,1003,113.14138,23.07034,25.24,1000.666667,-5.333333333,1
2022/9/21 13:58,996,113.13729,23.07047,25.37,995.3333333,-12.16666667,1
2022/9/21 13:59,987,113.13724,23.07001,25.23,983.1666667,-12.16666667,1
2022/9/21 14:00,1029,113.14089,23.06994,20.81,971,-12.16666667,1
2022/9/21 14:01,920,113.1453,23.06978,26.99,958.8333333,-51.44444444,5
2022/9/21 14:02,939,113.14689,23.06967,24.35,907.3888889,-149.5,6
2022/9/21 14:05,702,113.1617,23.06925,23.23,757.8888889,-46.61111111,5
2022/9/21 14:06,670,113.16449,23.06922,16.85,711.2777778,-46.61111111,5
2022/9/21 14:07,669,113.16514,23.06967,5.39,664.6666667,-10.22222222,1
2022/9/21 14:08,655,113.16435,23.06976,4.59,654.4444444,-10.22222222,1
2022/9/21 14:09,638,113.1605,23.06976,26.17,644.2222222,-10.22222222,1
2022/9/21 14:10,630,113.15706,23.06967,24.27,634,-162.25,6
2022/9/21 14:13,489,113.14331,23.07007,26.93,471.75,-43.75,4
2022/9/21 14:14,375,113.13941,23.07025,25.01,428,-43.75,4
2022/9/21 14:15,393,113.13585,23.0707,22.13,384.25,-43.75,4
2022/9/21 14:16,303,113.13923,23.06992,27.09,340.5,-13.83333333,1
2022/9/21 14:17,288,113.14388,23.06962,28.54,326.6666667,-13.83333333,1
2022/9/21 14:18,290,113.14774,23.06942,22.88,312.8333333,-13.83333333,1
2022/9/21 14:19,308,113.14774,23.06942,0.05,299,-1,0
2022/9/21 14:20,299,113.1477,23.06945,0.1,298,-1,0
2022/9/21 14:21,296,113.1477,23.06945,0.06,297,-1,0
2022/9/21 14:22,296,113.1477,23.06945,0.08,296,0,0
2022/9/21 14:23,296,113.14772,23.0695,0.04,296,0,0
2022/9/21 14:24,296,113.14772,23.0695,0.13,296,0,0
2022/9/21 14:25,296,113.14772,23.0695,0,296,0.333333333,0
2022/9/21 14:26,296,113.14775,23.06954,0.17,296.3333333,0.333333333,0
2022/9/21 14:27,296,113.14775,23.06954,0.16,296.6666667,0.333333333,0
2022/9/21 14:28,296,113.14785,23.06955,0.67,297,64.77777778,-1
2022/9/21 14:29,299,113.14785,23.06955,0.09,361.7777778,64.77777778,-1
2022/9/21 14:30,376,113.14785,23.06955,0.03,426.5555556,64.77777778,-1
2022/9/21 14:31,496,113.14788,23.06959,0,491.3333333,109.7777778,-1
2022/9/21 14:32,602,113.14788,23.06959,0.02,601.1111111,109.7777778,-1
2022/9/21 14:33,708,113.14788,23.06959,0.06,710.8888889,109.7777778,-1
2022/9/21 14:34,817,113.14788,23.06959,0.07,820.6666667,62,-1
2022/9/21 14:35,937,113.14816,23.06952,1.62,882.6666667,62,-1
2022/9/21 14:36,1012,113.14816,23.06952,0,944.6666667,62,-1
2022/9/21 14:37,1004,113.14816,23.06952,0,1006.666667,-0.888888889,0
2022/9/21 14:38,1004,113.14816,23.06952,0.03,1005.777778,-0.888888889,0
2022/9/21 14:39,1004,113.14816,23.06952,0,1004.888889,-0.888888889,0
2022/9/21 14:40,1004,113.14816,23.06952,0,1004,0,0
2022/9/21 14:41,1004,113.14816,23.06952,0,1004,0,0
2022/9/21 14:42,1004,113.14816,23.06952,0,1004,0,0
2022/9/21 14:43,1004,113.14816,23.06952,0.08,1004,0,0
2022/9/21 14:44,1004,113.14817,23.06947,0,1004,0,0
2022/9/21 14:45,1004,113.14817,23.06947,0,1004,0,0
2022/9/21 14:46,1004,113.14817,23.06947,0,1004,0,0
2022/9/21 14:47,1004,113.14817,23.06947,0,1004,0,0
2022/9/21 14:48,1004,113.14817,23.06947,0.09,1004,0,0
2022/9/21 14:49,1004,113.14817,23.06947,0,1004,-0.333333333,0
2022/9/21 14:50,1004,113.14817,23.06947,0,1003.666667,-0.333333333,0
2022/9/21 14:51,1003,113.14817,23.06947,0,1003.333333,-0.333333333,0
2022/9/21 14:52,1003,113.14817,23.06947,0,1003,0,0
2022/9/21 14:53,1003,113.14817,23.06947,0,1003,0,0
2022/9/21 14:54,1003,113.14817,23.06947,0,1003,0,0
2022/9/21 14:55,1003,113.14817,23.06947,0,1003,0,0
2022/9/21 14:56,1003,113.14817,23.06947,0,1003,0,0
2022/9/21 14:57,1003,113.14817,23.06947,0,1003,0,0
2022/9/21 14:58,1003,113.14817,23.06947,0,1003,-1.333333333,0
2022/9/21 14:59,1003,113.14817,23.06947,0,1001.666667,-1.333333333,0
2022/9/21 15:00,1002,113.14817,23.06947,0,1000.333333,-1.333333333,0
2022/9/21 15:01,1002,113.14817,23.06947,0.01,999,-2.722222222,0
2022/9/21 15:02,993,113.14743,23.07004,20.74,996.2777778,-2.722222222,0
2022/9/21 15:03,1014,113.14484,23.0702,16.08,993.5555556,-2.722222222,0
2022/9/21 15:04,994,113.14435,23.07018,2.92,990.8333333,-5.5,1
2022/9/21 15:05,985,113.14402,23.07015,1.77,985.3333333,-5.5,1
2022/9/21 15:06,993,113.14384,23.07019,1.24,979.8333333,-5.5,1
2022/9/21 15:07,966,113.14192,23.07028,11.98,974.3333333,-11.77777778,1
2022/9/21 15:08,964,113.13965,23.0703,13.58,962.5555556,-11.77777778,1
2022/9/21 15:09,973,113.13662,23.07058,19.81,950.7777778,-11.77777778,1
2022/9/21 15:10,936,113.1384,23.07003,26.21,939,-33,3
2022/9/21 15:11,908,113.14292,23.06985,27.52,906,-33,3
2022/9/21 15:12,840,113.14702,23.06976,28.12,873,-181.5555556,6
2022/9/21 15:15,675,113.1608,23.06934,26.71,691.4444444,-74.27777778,6
2022/9/21 15:16,590,113.1642,23.06923,20.68,617.1666667,-10.72222222,1
2022/9/21 15:17,611,113.16485,23.0692,4.65,606.4444444,-10.72222222,1
2022/9/21 15:18,583,113.16503,23.06943,2.75,595.7222222,-10.72222222,1
2022/9/21 15:19,590,113.16459,23.06955,3.66,585,-10.83333333,1
2022/9/21 15:20,582,113.16289,23.06964,10.58,574.1666667,-10.83333333,1
2022/9/21 15:21,547,113.15878,23.06963,25.63,563.3333333,-10.83333333,1
2022/9/21 15:22,558,113.15679,23.06964,27.2,552.5,-134.5555556,6
2022/9/21 15:24,434,113.14575,23.06991,28.7,417.9444444,-67.27777778,6
2022/9/21 15:25,348,113.14065,23.07011,28.21,350.6666667,-43.11111111,4
2022/9/21 15:26,270,113.1362,23.07069,27.97,307.5555556,-43.11111111,4
2022/9/21 15:27,242,113.13888,23.06996,27.97,264.4444444,-43.11111111,4
2022/9/21 15:28,213,113.14347,23.06962,28.59,221.3333333,9.555555556,0
2022/9/21 15:29,209,113.1476,23.06942,27.92,230.8888889,9.555555556,0
2022/9/21 15:30,216,113.14783,23.06942,0.14,240.4444444,9.555555556,0
2022/9/21 15:31,231,113.14783,23.06942,0.22,250,100.5555556,-1
2022/9/21 15:32,303,113.14783,23.06942,0.03,350.5555556,100.5555556,-1
2022/9/21 15:33,443,113.14783,23.06942,0,451.1111111,100.5555556,-1
2022/9/21 15:34,553,113.14783,23.06942,0,551.6666667,110.8888889,-1
2022/9/21 15:35,659,113.14783,23.06942,0,662.5555556,110.8888889,-1
2022/9/21 15:36,768,113.14783,23.06942,0.05,773.4444444,110.8888889,-1
2022/9/21 15:37,882,113.14796,23.06944,0.93,884.3333333,45.88888889,-1
2022/9/21 15:38,1003,113.14808,23.06943,0.59,930.2222222,45.88888889,-1
2022/9/21 15:39,1022,113.14808,23.06943,0,976.1111111,45.88888889,-1
2022/9/21 15:40,1022,113.14808,23.06943,0,1022,-0.333333333,0
2022/9/21 15:41,1022,113.14808,23.06943,0,1021.666667,-0.333333333,0
2022/9/21 15:42,1021,113.14808,23.06943,0,1021.333333,-0.333333333,0
2022/9/21 15:43,1021,113.14808,23.06943,0,1021,0,0
2022/9/21 15:44,1021,113.14808,23.06943,0,1021,0,0
2022/9/21 15:45,1021,113.14808,23.06943,0,1021,0,0
2022/9/21 15:46,1021,113.14808,23.06943,0,1021,-0.111111111,0
2022/9/21 15:47,1021,113.14808,23.06943,0,1020.888889,-0.111111111,0
2022/9/21 15:48,1021,113.14808,23.06943,0,1020.777778,-0.111111111,0
2022/9/21 15:49,1021,113.14808,23.06943,0,1020.666667,-0.222222222,0
2022/9/21 15:50,1020,113.14808,23.06943,0.01,1020.444444,-0.222222222,0
2022/9/21 15:51,1020,113.14808,23.06943,0,1020.222222,-0.222222222,0
2022/9/21 15:52,1020,113.14808,23.06943,0,1020,-3.666666667,0
2022/9/21 15:53,1020,113.14877,23.06997,12.83,1016.333333,-3.666666667,0
2022/9/21 15:54,999,113.14608,23.07014,23.84,1012.666667,-3.666666667,0
2022/9/21 15:55,1020,113.1414,23.07034,21.77,1009,-14.66666667,1
2022/9/21 15:56,1005,113.1386,23.07032,17.7,994.3333333,-14.66666667,1
2022/9/21 15:57,1012,113.13586,23.06989,23.4,979.6666667,-14.66666667,1
2022/9/21 15:58,968,113.1399,23.06996,24.74,965,-27.66666667,3
2022/9/21 15:59,915,113.14386,23.0698,26.9,937.3333333,-27.66666667,3
2022/9/21 16:00,882,113.1471,23.06951,25.82,909.6666667,-184.3333333,6
2022/9/21 16:03,672,113.16186,23.06921,27.67,725.3333333,-78.33333333,6
2022/9/21 16:04,632,113.16412,23.06926,14.24,647,-13.66666667,1
2022/9/21 16:05,637,113.16463,23.0691,3.51,633.3333333,-13.66666667,1
2022/9/21 16:06,598,113.16508,23.06932,4.05,619.6666667,-13.66666667,1
2022/9/21 16:07,619,113.16477,23.06964,5.1,606,-19.08333333,2
2022/9/21 16:08,614,113.16185,23.06976,17.44,586.9166667,-19.08333333,2
2022/9/21 16:09,578,113.1579,23.06971,24.31,567.8333333,-19.08333333,2
2022/9/21 16:10,604,113.1562,23.07007,28.17,548.75,-105.3888889,6
2022/9/21 16:12,461,113.14443,23.06996,30.07,443.3611111,-52.69444444,5
2022/9/21 16:13,369,113.13982,23.07018,28.22,390.6666667,-32.55555556,3
2022/9/21 16:14,342,113.13795,23.07031,12.58,358.1111111,-32.55555556,3
2022/9/21 16:15,302,113.13734,23.07002,26.91,325.5555556,-32.55555556,3
2022/9/21 16:16,285,113.14187,23.06966,27.87,293,2.888888889,0
2022/9/21 16:17,292,113.14654,23.06946,28.78,295.8888889,2.888888889,0
2022/9/21 16:18,302,113.14764,23.06938,6.46,298.7777778,2.888888889,0
2022/9/21 16:19,306,113.14769,23.06939,0,301.6666667,9.888888889,0
2022/9/21 16:20,297,113.14769,23.06939,0,311.5555556,9.888888889,0
2022/9/21 16:21,297,113.14777,23.06939,0.55,321.4444444,9.888888889,0
2022/9/21 16:22,298,113.14777,23.06939,0.03,331.3333333,95.77777778,-1
2022/9/21 16:23,399,113.14777,23.06939,0,427.1111111,95.77777778,-1
2022/9/21 16:24,515,113.14779,23.06944,0.03,522.8888889,95.77777778,-1
2022/9/21 16:25,618,113.14779,23.06944,0.1,618.6666667,108.5555556,-1
2022/9/21 16:26,723,113.14779,23.06944,0,727.2222222,108.5555556,-1
2022/9/21 16:27,830,113.14782,23.06948,0,835.7777778,108.5555556,-1
2022/9/21 16:28,949,113.14782,23.06948,0,944.3333333,32.66666667,-1
2022/9/21 16:29,1054,113.1492,23.06994,12.61,977,32.66666667,-1
2022/9/21 16:30,1050,113.14628,23.07008,16.07,1009.666667,32.66666667,-1
2022/9/21 16:31,1036,113.14301,23.07027,19.5,1042.333333,-8.277777778,1
2022/9/21 16:32,1008,113.14073,23.07112,18.21,1034.055556,-8.277777778,1
2022/9/21 16:33,1046,113.14038,23.07333,16.17,1025.777778,-8.277777778,1
2022/9/21 16:34,1015,113.13957,23.07268,10.34,1017.5,-0.391156463,0
2022/9/21 16:35,1012,113.13964,23.07268,7.67,1017.108844,-56.71768707,0
2022/9/21 19:00,948,113.1406,23.07311,7.9,960.3911565,-0.391156463,0
2022/9/21 19:01,958,113.1404,23.07059,16.44,960,-12.77777778,1
2022/9/21 19:02,974,113.13869,23.07029,11.21,947.2222222,-12.77777778,1
2022/9/21 19:03,955,113.13646,23.07065,14.77,934.4444444,-12.77777778,1
2022/9/21 19:04,918,113.13801,23.07007,23.62,921.6666667,-31.88888889,3
2022/9/21 19:05,892,113.14215,23.06982,24.26,889.7777778,-31.88888889,3
2022/9/21 19:06,829,113.14628,23.06974,25.2,857.8888889,-31.88888889,3
2022/9/21 19:07,823,113.14694,23.06965,27.2,826,-134.8888889,6
2022/9/21 19:09,679,113.15805,23.0692,25.63,691.1111111,-67.44444444,6
2022/9/21 19:10,601,113.16114,23.06934,15.19,623.6666667,-19.66666667,2
2022/9/21 19:11,591,113.16319,23.0693,12.44,604,-19.66666667,2
2022/9/21 19:12,582,113.1638,23.06926,3.8,584.3333333,-19.66666667,2
2022/9/21 19:13,561,113.1644,23.06961,9.71,564.6666667,-34.13888889,3
2022/9/21 19:14,551,113.16323,23.06965,11.86,530.5277778,-34.13888889,3
2022/9/21 19:15,512,113.15901,23.06962,24.13,496.3888889,-34.13888889,3
2022/9/21 19:16,538,113.157,23.06966,25.23,462.25,-190.75,6
2022/9/21 19:19,313,113.14207,23.07006,25.67,271.5,-19,2
2022/9/21 19:20,230,113.13754,23.07033,26.36,252.5,-19,2
2022/9/21 19:21,210,113.1368,23.06989,24.95,233.5,-19,2
2022/9/21 19:22,232,113.14114,23.06969,25.43,214.5,6.5,0
2022/9/21 19:23,219,113.14539,23.06958,26.24,221,6.5,0
2022/9/21 19:24,232,113.14773,23.0694,16.6,227.5,6.5,0
2022/9/21 19:25,243,113.14773,23.0694,0,234,66,-1
2022/9/21 19:26,227,113.14785,23.06939,0.91,300,66,-1
2022/9/21 19:27,301,113.14788,23.06949,0.4,366,66,-1
2022/9/21 19:28,442,113.14788,23.06949,0,432,113.1111111,-1
2022/9/21 19:29,553,113.14788,23.06949,0.08,545.1111111,113.1111111,-1
2022/9/21 19:30,660,113.14788,23.06954,0.14,658.2222222,113.1111111,-1
2022/9/21 19:31,769,113.14788,23.06954,0.06,771.3333333,82.66666667,-1
2022/9/21 19:32,885,113.14788,23.06954,0,854,82.66666667,-1
2022/9/21 19:33,1010,113.14868,23.06964,5.98,936.6666667,82.66666667,-1
2022/9/21 19:34,1014,113.14759,23.07,18.26,1019.333333,-6.666666667,1
2022/9/21 19:35,1034,113.14663,23.06994,4.86,1012.666667,-6.666666667,1
2022/9/21 19:36,993,113.14658,23.06996,0.07,1006,-6.666666667,1
2022/9/21 19:37,992,113.14658,23.06996,0,999.3333333,-2.222222222,0
2022/9/21 19:38,993,113.14658,23.06996,0,997.1111111,-2.222222222,0
2022/9/21 19:39,993,113.14658,23.06996,0,994.8888889,-2.222222222,0
2022/9/21 19:40,993,113.14658,23.06996,0,992.6666667,-0.222222222,0
2022/9/21 19:41,992,113.14658,23.06996,0,992.4444444,-0.222222222,0
2022/9/21 19:42,992,113.14658,23.06996,0,992.2222222,-0.222222222,0
2022/9/21 19:43,992,113.14658,23.06996,0,992,0,0
2022/9/21 19:44,992,113.14658,23.06996,0,992,0,0
2022/9/21 19:45,992,113.14658,23.06996,0,992,0,0
2022/9/21 19:46,992,113.14658,23.06996,0,992,-0.222222222,0
2022/9/21 19:47,992,113.14658,23.06996,0,991.7777778,-0.222222222,0
2022/9/21 19:48,992,113.14658,23.06996,0,991.5555556,-0.222222222,0
2022/9/21 19:49,991,113.14658,23.06996,0,991.3333333,-0.111111111,0
2022/9/21 19:50,991,113.14658,23.06996,0,991.2222222,-0.111111111,0
2022/9/21 19:51,991,113.14658,23.06996,0,991.1111111,-0.111111111,0
2022/9/21 19:52,991,113.14658,23.06996,0,991,0,0
2022/9/21 19:53,991,113.14658,23.06996,0,991,0,0
2022/9/21 19:54,991,113.14658,23.06996,0,991,0,0
2022/9/21 19:55,991,113.14658,23.06996,0,991,0,0
2022/9/21 19:56,991,113.14658,23.06996,0,991,0,0
2022/9/21 19:57,991,113.14658,23.06996,0,991,0,0
2022/9/21 19:58,991,113.14658,23.06996,0,991,-0.111111111,0
2022/9/21 19:59,991,113.14658,23.06996,0,990.8888889,-0.111111111,0
2022/9/21 20:00,991,113.14658,23.06996,0,990.7777778,-0.111111111,0
2022/9/21 20:01,991,113.14658,23.06996,0,990.6666667,-4.055555556,1
2022/9/21 20:02,990,113.14658,23.06996,0,986.6111111,-4.055555556,1
2022/9/21 20:03,981,113.14454,23.07015,13.28,982.5555556,-4.055555556,1
2022/9/21 20:04,981,113.14127,23.07029,22.24,978.5,-9.888888889,1
2022/9/21 20:05,1008,113.13804,23.07035,18.32,968.6111111,-9.888888889,1
2022/9/21 20:06,966,113.13658,23.06997,23.49,958.7222222,-9.888888889,1
2022/9/21 20:07,952,113.14064,23.06994,24.67,948.8333333,-23.94444444,2
2022/9/21 20:08,869,113.14478,23.06978,25.38,924.8888889,-23.94444444,2
2022/9/21 20:09,877,113.14695,23.06968,27.13,900.9444444,-193.5,6
2022/9/21 20:12,631,113.16179,23.06924,25.01,707.4444444,-84.77777778,6
2022/9/21 20:13,620,113.16431,23.06924,15.11,622.6666667,-13.33333333,1
2022/9/21 20:14,617,113.16489,23.06927,4.65,609.3333333,-13.33333333,1
2022/9/21 20:15,608,113.16454,23.06957,4.35,596,-13.33333333,1
2022/9/21 20:16,564,113.16056,23.06971,24.49,582.6666667,-56.22222222,6
2022/9/21 20:17,576,113.15644,23.06957,25.35,526.4444444,-152.3333333,6
2022/9/21 20:20,414,113.14351,23.07,27.27,374.1111111,-39.88888889,4
2022/9/21 20:21,304,113.13912,23.0702,27.54,334.2222222,-39.88888889,4
2022/9/21 20:22,302,113.13554,23.07024,24.73,294.3333333,-4,0
2022/9/21 20:23,277,113.13937,23.06986,24.95,290.3333333,-4,0
2022/9/21 20:24,288,113.14302,23.06963,26.61,286.3333333,-4,0
2022/9/21 20:25,272,113.14356,23.0655,25.87,282.3333333,4.555555556,0
2022/9/21 20:26,287,113.14603,23.0652,15.68,286.8888889,4.555555556,0
2022/9/21 20:27,293,113.14642,23.06535,3.3,291.4444444,4.555555556,0
2022/9/21 20:28,269,113.14653,23.06785,16.44,296,1.888888889,0
2022/9/21 20:29,299,113.1465,23.06789,0,297.8888889,1.888888889,0
2022/9/21 20:30,281,113.14774,23.06943,15.23,299.7777778,1.888888889,0
2022/9/21 20:31,291,113.14774,23.06943,0,301.6666667,87.11111111,-1
2022/9/21 20:32,333,113.14778,23.06946,0,388.7777778,87.11111111,-1
2022/9/21 20:33,457,113.14778,23.06946,0.02,475.8888889,87.11111111,-1
2022/9/21 20:34,564,113.14778,23.06946,0,563,109.5555556,-1
2022/9/21 20:35,668,113.14778,23.06946,0,672.5555556,109.5555556,-1
2022/9/21 20:36,775,113.14783,23.06947,0.04,782.1111111,109.5555556,-1
2022/9/21 20:37,889,113.14783,23.06947,0.13,891.6666667,40.44444444,-1
2022/9/21 20:38,1011,113.14869,23.06955,6.1,932.1111111,40.44444444,-1
2022/9/21 20:39,1003,113.14677,23.07004,24.26,972.5555556,40.44444444,-1
2022/9/21 20:40,1028,113.14661,23.06997,0,1013,-8.333333333,1
2022/9/21 20:41,988,113.14662,23.06997,0,1004.666667,-8.333333333,1
2022/9/21 20:42,988,113.14662,23.06997,0,996.3333333,-8.333333333,1
2022/9/21 20:43,988,113.14662,23.06997,0,988,-0.333333333,0
2022/9/21 20:44,988,113.14662,23.06997,0,987.6666667,-0.333333333,0
2022/9/21 20:45,987,113.14662,23.06997,0,987.3333333,-0.333333333,0
2022/9/21 20:46,987,113.14662,23.06997,0,987,0,0
2022/9/21 20:47,987,113.14662,23.06997,0,987,0,0
2022/9/21 20:48,987,113.14662,23.06997,0,987,0,0
2022/9/21 20:49,987,113.14662,23.06997,0,987,0,0
2022/9/21 20:50,987,113.14662,23.06997,0,987,0,0
2022/9/21 20:51,987,113.14662,23.06997,0,987,0,0
2022/9/21 20:52,987,113.14662,23.06997,0,987,-0.111111111,0
2022/9/21 20:53,987,113.14662,23.06997,0,986.8888889,-0.111111111,0
2022/9/21 20:54,987,113.14662,23.06997,0,986.7777778,-0.111111111,0
2022/9/21 20:55,987,113.14662,23.06997,0,986.6666667,-0.222222222,0
2022/9/21 20:56,986,113.14662,23.06997,0,986.4444444,-0.222222222,0
2022/9/21 20:57,986,113.14662,23.06997,0,986.2222222,-0.222222222,0
2022/9/21 20:58,986,113.14662,23.06997,0,986,0,0
2022/9/21 20:59,986,113.14662,23.06997,0,986,0,0
2022/9/21 21:00,986,113.14662,23.06997,0,986,0,0
2022/9/21 21:01,986,113.14662,23.06997,0,986,0.666666667,0
2022/9/21 21:02,986,113.14662,23.06997,0,986.6666667,0.666666667,0
2022/9/21 21:03,986,113.14662,23.06997,0,987.3333333,0.666666667,0
2022/9/21 21:04,986,113.14662,23.06997,0.22,988,-4.5,1
2022/9/21 21:05,992,113.14375,23.0702,17.81,983.5,-4.5,1
2022/9/21 21:06,989,113.1398,23.07035,24.15,979,-4.5,1
2022/9/21 21:07,1038,113.1373,23.07042,16.31,974.5,-24.83333333,2
2022/9/21 21:08,960,113.13719,23.07005,22.46,949.6666667,-24.83333333,2
2022/9/21 21:09,944,113.14048,23.06995,24.77,924.8333333,-24.83333333,2
2022/9/21 21:10,871,113.1453,23.06978,24.67,900,-68.66666667,6
2022/9/21 21:11,885,113.14691,23.06975,26.03,831.3333333,-137.3333333,6
2022/9/21 21:13,740,113.15808,23.06963,26.23,694,-19.77777778,2
2022/9/21 21:14,648,113.16189,23.06926,24.99,674.2222222,-19.77777778,2
2022/9/21 21:15,654,113.1649,23.06929,17.68,654.4444444,-19.77777778,2
2022/9/21 21:16,650,113.16452,23.06968,5.34,634.6666667,-9.222222222,1
2022/9/21 21:17,600,113.16071,23.06976,23.37,625.4444444,-9.222222222,1
2022/9/21 21:18,607,113.15677,23.06963,24.11,616.2222222,-154.1111111,6
2022/9/21 21:21,442,113.14331,23.07002,26.48,462.1111111,-72.44444444,6
2022/9/21 21:22,360,113.13909,23.07025,26.29,389.6666667,-22.44444444,2
2022/9/21 21:23,367,113.13792,23.07036,7.63,367.2222222,-22.44444444,2
2022/9/21 21:24,298,113.13626,23.06986,23.32,344.7777778,-22.44444444,2
2022/9/21 21:25,327,113.14067,23.06988,25.74,322.3333333,-0.055555556,0
2022/9/21 21:26,314,113.14477,23.06963,25.3,322.2777778,-0.055555556,0
2022/9/21 21:27,340,113.14449,23.07018,22.02,322.2222222,-0.055555556,0
2022/9/21 21:28,321,113.14104,23.07039,21.65,322.1666667,1.722222222,0
2022/9/21 21:29,328,113.14074,23.07123,7.52,323.8888889,1.722222222,0
2022/9/21 21:30,330,113.14074,23.07123,0,325.6111111,1.722222222,0
2022/9/21 21:31,326,113.14072,23.07118,0,327.3333333,-0.777777778,0
2022/9/21 21:32,326,113.14072,23.07118,0,326.5555556,-0.777777778,0
2022/9/21 21:33,325,113.14072,23.07118,0,325.7777778,-0.777777778,0
2022/9/21 21:34,325,113.14072,23.07118,0,325,0,0
2022/9/21 21:35,325,113.14072,23.07118,0,325,0,0
2022/9/21 21:36,325,113.14072,23.07118,0,325,0,0
2022/9/21 21:37,325,113.14072,23.07118,0,325,0,0
2022/9/21 21:38,325,113.14072,23.07118,0,325,0,0
2022/9/21 21:39,325,113.14072,23.07118,0,325,0,0
2022/9/21 21:40,325,113.14072,23.07118,0,325,-5.333333333,1
2022/9/21 21:41,325,113.14074,23.07233,8.16,319.6666667,-5.333333333,1
2022/9/21 21:42,309,113.1398,23.07295,14.29,314.3333333,8.637130802,0
